2026-02-04 11:07:56;ADD;["cuGestionCobranza:973678"]
2026-02-04 11:07:56;DELETE;[]
2026-02-04 11:32:26;ADD;["cuGestionCobranza:K67154"]
2026-02-04 11:32:26;DELETE;[]
2026-02-04 11:35:26;ADD;["cuGestionCobranza:O73878"]
2026-02-04 11:35:26;DELETE;[]
2026-02-04 11:35:26;ADD;["cuGestionCobranza:I15975"]
2026-02-04 11:35:26;DELETE;[]
2026-02-04 11:37:26;ADD;["cuGestionCobranza:Q09497","cuGestionCobranza:Q70939"]
2026-02-04 11:37:26;DELETE;[]
2026-02-04 11:37:26;ADD;["cuGestionCobranza:399584"]
2026-02-04 11:37:26;DELETE;[]
2026-02-04 11:37:26;ADD;["cuGestionCobranza:A05232"]
2026-02-04 11:37:26;DELETE;[]
2026-02-04 11:39:56;ADD;["cuGestionCobranza:L80326"]
2026-02-04 11:39:56;DELETE;[]
2026-02-04 11:43:26;ADD;["cuGestionCobranza:N95720"]
2026-02-04 11:43:26;DELETE;[]
2026-02-04 11:44:56;ADD;["cuGestionCobranza:P69722"]
2026-02-04 11:44:56;DELETE;[]
2026-02-04 11:46:26;ADD;["cuGestionCobranza:H34000"]
2026-02-04 11:46:26;DELETE;[]
2026-02-04 11:46:26;ADD;["cuGestionCobranza:E21512"]
2026-02-04 11:46:26;DELETE;[]
2026-02-04 11:52:26;ADD;["cuGestionCobranza:904830"]
2026-02-04 11:52:26;DELETE;[]
2026-02-04 11:52:26;ADD;["cuGestionCobranza:P43337"]
2026-02-04 11:52:26;DELETE;[]
2026-02-04 11:52:26;ADD;["cuGestionCobranza:C34419"]
2026-02-04 11:52:26;DELETE;[]
2026-02-04 11:52:27;ADD;["cuGestionCobranza:M54626"]
2026-02-04 11:52:27;DELETE;[]
2026-02-04 11:53:56;ADD;["cuGestionCobranza:G93468"]
2026-02-04 11:53:56;DELETE;[]
2026-02-04 11:53:56;ADD;["cuGestionCobranza:K20822"]
2026-02-04 11:53:56;DELETE;[]
2026-02-04 11:53:56;ADD;["cuGestionCobranza:M30997"]
2026-02-04 11:53:56;DELETE;[]
2026-02-04 11:55:26;ADD;["cuGestionCobranza:J49866","cuGestionCobranza:K66040"]
2026-02-04 11:55:26;DELETE;[]
2026-02-04 11:55:26;ADD;["cuGestionCobranza:J92654"]
2026-02-04 11:55:26;DELETE;[]
2026-02-04 11:55:26;ADD;["cuGestionCobranza:M68227"]
2026-02-04 11:55:26;DELETE;[]
2026-02-04 11:55:27;ADD;["cuGestionCobranza:E16551","cuGestionCobranza:O99754"]
2026-02-04 11:55:27;DELETE;[]
2026-02-04 11:55:27;ADD;["cuGestionCobranza:Q92617"]
2026-02-04 11:55:27;DELETE;[]
2026-02-04 11:55:27;ADD;["cuGestionCobranza:O99754"]
2026-02-04 11:55:27;DELETE;[]
2026-02-04 11:55:56;ADD;["cuGestionCobranza:431032"]
2026-02-04 11:55:56;DELETE;[]
2026-02-04 11:55:56;ADD;["cuGestionCobranza:N42728"]
2026-02-04 11:55:56;DELETE;[]
2026-02-04 11:56:26;ADD;["cuGestionCobranza:K30540"]
2026-02-04 11:56:26;DELETE;[]
2026-02-04 11:56:56;ADD;["cuGestionCobranza:N77925"]
2026-02-04 11:56:56;DELETE;[]
2026-02-04 11:56:56;ADD;["cuGestionCobranza:K23002"]
2026-02-04 11:56:56;DELETE;[]
2026-02-04 11:57:56;ADD;["cuGestionCobranza:K03444"]
2026-02-04 11:57:56;DELETE;[]
2026-02-04 11:57:56;ADD;["cuGestionCobranza:I98559","cuGestionCobranza:J13216"]
2026-02-04 11:57:56;DELETE;[]
2026-02-04 11:58:26;ADD;["cuGestionCobranza:G95747","cuGestionCobranza:K12130","cuGestionCobranza:O43546"]
2026-02-04 11:58:26;DELETE;[]
2026-02-04 11:58:26;ADD;["cuGestionCobranza:C24017"]
2026-02-04 11:58:26;DELETE;[]
2026-02-04 11:58:26;ADD;["cuGestionCobranza:469190"]
2026-02-04 11:58:26;DELETE;[]
2026-02-04 11:58:27;ADD;["cuGestionCobranza:G68557"]
2026-02-04 11:58:27;DELETE;[]
2026-02-04 11:58:27;ADD;["cuGestionCobranza:I10979"]
2026-02-04 11:58:27;DELETE;[]
2026-02-04 11:59:26;ADD;["cuGestionCobranza:C51755"]
2026-02-04 11:59:26;DELETE;[]
2026-02-04 11:59:26;ADD;["cuGestionCobranza:P73274","cuGestionCobranza:H57705"]
2026-02-04 11:59:26;DELETE;[]
2026-02-04 11:59:56;ADD;["cuGestionCobranza:L85691"]
2026-02-04 11:59:56;DELETE;[]
2026-02-04 11:59:56;ADD;["cuGestionCobranza:C92095"]
2026-02-04 11:59:56;DELETE;[]
2026-02-04 11:59:57;ADD;["cuGestionCobranza:M62855","cuGestionCobranza:N31745"]
2026-02-04 11:59:57;DELETE;[]
2026-02-04 12:00:56;ADD;["cuGestionCobranza:M83711"]
2026-02-04 12:00:56;DELETE;[]
2026-02-04 12:01:26;ADD;["cuGestionCobranza:N06299"]
2026-02-04 12:01:26;DELETE;[]
2026-02-04 12:01:26;ADD;["cuGestionCobranza:Q85518"]
2026-02-04 12:01:26;DELETE;[]
2026-02-04 12:01:27;ADD;["cuGestionCobranza:M41016","cuGestionCobranza:I62915"]
2026-02-04 12:01:27;DELETE;[]
2026-02-04 12:01:27;ADD;["cuGestionCobranza:K05411"]
2026-02-04 12:01:27;DELETE;[]
2026-02-04 12:01:27;ADD;["cuGestionCobranza:M51220","cuGestionCobranza:M85728","cuGestionCobranza:I12062"]
2026-02-04 12:01:27;DELETE;[]
2026-02-04 12:01:27;ADD;["cuGestionCobranza:J89153"]
2026-02-04 12:01:27;DELETE;[]
2026-02-04 12:02:26;ADD;["cuGestionCobranza:C43442","cuGestionCobranza:Q40760"]
2026-02-04 12:02:26;DELETE;[]
2026-02-04 12:02:26;ADD;["cuGestionCobranza:E57731"]
2026-02-04 12:02:26;DELETE;[]
2026-02-04 12:02:27;ADD;["cuGestionCobranza:K02185"]
2026-02-04 12:02:27;DELETE;[]
2026-02-04 12:02:56;ADD;["cuGestionCobranza:F80615"]
2026-02-04 12:02:56;DELETE;[]
2026-02-04 12:02:56;ADD;["cuGestionCobranza:C02287"]
2026-02-04 12:02:56;DELETE;[]
2026-02-04 12:04:26;ADD;["cuGestionCobranza:O77022"]
2026-02-04 12:04:26;DELETE;[]
2026-02-04 12:04:26;ADD;["cuGestionCobranza:Q86039"]
2026-02-04 12:04:26;DELETE;[]
2026-02-04 12:04:27;ADD;["cuGestionCobranza:J26062","cuGestionCobranza:M09642","cuGestionCobranza:O16580"]
2026-02-04 12:04:27;DELETE;[]
2026-02-04 12:04:27;ADD;["cuGestionCobranza:C57470","cuGestionCobranza:C34260"]
2026-02-04 12:04:27;DELETE;[]
2026-02-04 12:04:27;ADD;["cuGestionCobranza:P84617"]
2026-02-04 12:04:27;DELETE;[]
2026-02-04 12:05:26;ADD;["cuGestionCobranza:I17271","cuGestionCobranza:M98233"]
2026-02-04 12:05:26;DELETE;[]
2026-02-04 12:05:26;ADD;["cuGestionCobranza:N95906"]
2026-02-04 12:05:26;DELETE;[]
2026-02-04 12:05:26;ADD;["cuGestionCobranza:G81484"]
2026-02-04 12:05:26;DELETE;[]
2026-02-04 12:05:56;ADD;["cuGestionCobranza:907498"]
2026-02-04 12:05:56;DELETE;[]
2026-02-04 12:05:56;ADD;["cuGestionCobranza:H40462","cuGestionCobranza:I85445"]
2026-02-04 12:05:56;DELETE;[]
2026-02-04 12:05:57;ADD;["cuGestionCobranza:I01275"]
2026-02-04 12:05:57;DELETE;[]
2026-02-04 12:05:57;ADD;["cuGestionCobranza:I87545"]
2026-02-04 12:05:57;DELETE;[]
2026-02-04 12:07:26;ADD;["cuGestionCobranza:J91318"]
2026-02-04 12:07:26;DELETE;[]
2026-02-04 12:07:26;ADD;["cuGestionCobranza:J34643"]
2026-02-04 12:07:26;DELETE;[]
2026-02-04 12:07:27;ADD;["cuGestionCobranza:F05461","cuGestionCobranza:N37428","cuGestionCobranza:F46380"]
2026-02-04 12:07:27;DELETE;[]
2026-02-04 12:07:27;ADD;["cuGestionCobranza:E02441","cuGestionCobranza:M38911"]
2026-02-04 12:07:27;DELETE;[]
2026-02-04 12:08:56;ADD;["cuGestionCobranza:O91280","cuGestionCobranza:E28825","cuGestionCobranza:891496"]
2026-02-04 12:08:56;DELETE;[]
2026-02-04 12:08:56;ADD;["cuGestionCobranza:K74303"]
2026-02-04 12:08:56;DELETE;[]
2026-02-04 12:08:57;ADD;["cuGestionCobranza:H12109"]
2026-02-04 12:08:57;DELETE;[]
2026-02-04 12:08:57;ADD;["cuGestionCobranza:H97065","cuGestionCobranza:E69511"]
2026-02-04 12:08:57;DELETE;[]
2026-02-04 12:08:57;ADD;["cuGestionCobranza:089246","cuGestionCobranza:J74876","cuGestionCobranza:N86352","cuGestionCobranza:P78844"]
2026-02-04 12:08:57;DELETE;[]
2026-02-04 12:10:26;ADD;["cuGestionCobranza:365892"]
2026-02-04 12:10:26;DELETE;[]
2026-02-04 12:10:26;ADD;["cuGestionCobranza:C69751","cuGestionCobranza:E78865"]
2026-02-04 12:10:26;DELETE;[]
2026-02-04 12:10:27;ADD;["cuGestionCobranza:H51381"]
2026-02-04 12:10:27;DELETE;[]
2026-02-04 12:10:56;ADD;["cuGestionCobranza:E32863"]
2026-02-04 12:10:56;DELETE;[]
2026-02-04 12:10:56;ADD;["cuGestionCobranza:P81710"]
2026-02-04 12:10:56;DELETE;[]
2026-02-04 12:10:56;ADD;["cuGestionCobranza:P95006"]
2026-02-04 12:10:56;DELETE;[]
2026-02-04 12:12:26;ADD;["cuGestionCobranza:P32044"]
2026-02-04 12:12:26;DELETE;[]
2026-02-04 12:12:26;ADD;["cuGestionCobranza:N00653","cuGestionCobranza:J64884"]
2026-02-04 12:12:26;DELETE;[]
2026-02-04 12:12:27;ADD;["cuGestionCobranza:F39808"]
2026-02-04 12:12:27;DELETE;[]
2026-02-04 12:12:27;ADD;["cuGestionCobranza:H99320"]
2026-02-04 12:12:27;DELETE;[]
2026-02-04 12:12:27;ADD;["cuGestionCobranza:Q86295"]
2026-02-04 12:12:27;DELETE;[]
2026-02-04 12:12:27;ADD;["cuGestionCobranza:N94222"]
2026-02-04 12:12:27;DELETE;[]
2026-02-04 12:12:27;ADD;["cuGestionCobranza:M30748","cuGestionCobranza:O26061"]
2026-02-04 12:12:27;DELETE;[]
2026-02-04 12:13:56;ADD;["cuGestionCobranza:M67980"]
2026-02-04 12:13:56;DELETE;[]
2026-02-04 12:13:56;ADD;["cuGestionCobranza:I85158"]
2026-02-04 12:13:56;DELETE;[]
2026-02-04 12:14:26;ADD;["cuGestionCobranza:J42599","cuGestionCobranza:N26133"]
2026-02-04 12:14:26;DELETE;[]
2026-02-04 12:14:27;ADD;["cuGestionCobranza:K13526","cuGestionCobranza:J13971"]
2026-02-04 12:14:27;DELETE;[]
2026-02-04 12:14:27;ADD;["cuGestionCobranza:H60659","cuGestionCobranza:E13283"]
2026-02-04 12:14:27;DELETE;[]
2026-02-04 12:15:56;ADD;["cuGestionCobranza:P64353"]
2026-02-04 12:15:56;DELETE;[]
2026-02-04 12:15:56;ADD;["cuGestionCobranza:E49758"]
2026-02-04 12:15:56;DELETE;[]
2026-02-04 12:15:56;ADD;["cuGestionCobranza:I64368"]
2026-02-04 12:15:56;DELETE;[]
2026-02-04 12:15:57;ADD;["cuGestionCobranza:P77596"]
2026-02-04 12:15:57;DELETE;[]
2026-02-04 12:15:57;ADD;["cuGestionCobranza:K78222"]
2026-02-04 12:15:57;DELETE;[]
2026-02-04 12:17:26;ADD;["cuGestionCobranza:R13925"]
2026-02-04 12:17:26;DELETE;[]
2026-02-04 12:17:26;ADD;["cuGestionCobranza:N52232"]
2026-02-04 12:17:26;DELETE;[]
2026-02-04 12:17:27;ADD;["cuGestionCobranza:N52232"]
2026-02-04 12:17:27;DELETE;[]
2026-02-04 12:17:27;ADD;["cuGestionCobranza:H07666","cuGestionCobranza:E49758"]
2026-02-04 12:17:27;DELETE;[]
2026-02-04 12:18:56;ADD;["cuGestionCobranza:O35369","cuGestionCobranza:F03925","cuGestionCobranza:H37304"]
2026-02-04 12:18:56;DELETE;[]
2026-02-04 12:18:57;ADD;["cuGestionCobranza:212143"]
2026-02-04 12:18:57;DELETE;[]
2026-02-04 12:18:57;ADD;["cuGestionCobranza:H53626"]
2026-02-04 12:18:57;DELETE;[]
2026-02-04 12:18:57;ADD;["cuGestionCobranza:P77211"]
2026-02-04 12:18:57;DELETE;[]
2026-02-04 12:20:26;ADD;["cuGestionCobranza:N54976","cuGestionCobranza:N32915"]
2026-02-04 12:20:26;DELETE;[]
2026-02-04 12:20:27;ADD;["cuGestionCobranza:J79769","cuGestionCobranza:O20967"]
2026-02-04 12:20:27;DELETE;[]
2026-02-04 12:20:27;ADD;["cuGestionCobranza:F64735","cuGestionCobranza:F74125"]
2026-02-04 12:20:27;DELETE;[]
2026-02-04 12:20:27;ADD;["cuGestionCobranza:L56128"]
2026-02-04 12:20:27;DELETE;[]
2026-02-04 12:21:56;ADD;["cuGestionCobranza:104033"]
2026-02-04 12:21:56;DELETE;[]
2026-02-04 12:21:56;ADD;["cuGestionCobranza:J73710"]
2026-02-04 12:21:56;DELETE;[]
2026-02-04 12:22:56;ADD;["cuGestionCobranza:G82082"]
2026-02-04 12:22:56;DELETE;[]
2026-02-04 12:22:56;ADD;["cuGestionCobranza:E06525","cuGestionCobranza:Q83931"]
2026-02-04 12:22:56;DELETE;[]
2026-02-04 12:22:57;ADD;["cuGestionCobranza:Q07566"]
2026-02-04 12:22:57;DELETE;[]
2026-02-04 12:24:26;ADD;["cuGestionCobranza:H34586"]
2026-02-04 12:24:26;DELETE;[]
2026-02-04 12:24:26;ADD;["cuGestionCobranza:J38424"]
2026-02-04 12:24:26;DELETE;[]
2026-02-04 12:25:56;ADD;["cuGestionCobranza:J88654"]
2026-02-04 12:25:56;DELETE;[]
2026-02-04 12:25:56;ADD;["cuGestionCobranza:Q12430"]
2026-02-04 12:25:56;DELETE;[]
2026-02-04 12:26:26;ADD;["cuGestionCobranza:L42002"]
2026-02-04 12:26:26;DELETE;[]
2026-02-04 12:26:26;ADD;["cuGestionCobranza:J47268"]
2026-02-04 12:26:26;DELETE;[]
2026-02-04 12:51:56;ADD;["cuGestionCobranza:I85217"]
2026-02-04 12:51:56;DELETE;[]
2026-02-04 12:52:26;ADD;["cuGestionCobranza:O60301"]
2026-02-04 12:52:26;DELETE;[]
2026-02-04 12:52:27;ADD;["cuGestionCobranza:326437"]
2026-02-04 12:52:27;DELETE;[]
2026-02-04 12:53:27;ADD;["cuGestionCobranza:L88017"]
2026-02-04 12:53:27;DELETE;[]
2026-02-04 12:53:27;ADD;["cuGestionCobranza:O15436"]
2026-02-04 12:53:27;DELETE;[]
2026-02-04 12:53:27;ADD;["cuGestionCobranza:Q24037","cuGestionCobranza:L33051","cuGestionCobranza:N56431","cuGestionCobranza:O91399"]
2026-02-04 12:53:27;DELETE;[]
2026-02-04 12:53:27;ADD;["cuGestionCobranza:J49501"]
2026-02-04 12:53:27;DELETE;[]
2026-02-04 12:53:27;ADD;["cuGestionCobranza:070290"]
2026-02-04 12:53:27;DELETE;[]
2026-02-04 12:53:28;ADD;["cuGestionCobranza:P11255","cuGestionCobranza:404327"]
2026-02-04 12:53:28;DELETE;[]
2026-02-04 12:53:28;ADD;["cuGestionCobranza:P21084"]
2026-02-04 12:53:28;DELETE;[]
2026-02-04 12:54:57;ADD;["cuGestionCobranza:944084","cuGestionCobranza:C91887"]
2026-02-04 12:54:57;DELETE;[]
2026-02-04 12:54:57;ADD;["cuGestionCobranza:O49736"]
2026-02-04 12:54:57;DELETE;[]
2026-02-04 12:54:57;ADD;["cuGestionCobranza:044181","cuGestionCobranza:K42454"]
2026-02-04 12:54:57;DELETE;[]
2026-02-04 12:54:57;ADD;["cuGestionCobranza:F40605","cuGestionCobranza:O76528"]
2026-02-04 12:54:57;DELETE;[]
2026-02-04 12:54:57;ADD;["cuGestionCobranza:H69279"]
2026-02-04 12:54:57;DELETE;[]
2026-02-04 12:54:58;ADD;["cuGestionCobranza:I58227","cuGestionCobranza:728797"]
2026-02-04 12:54:58;DELETE;[]
2026-02-04 12:55:27;ADD;["cuGestionCobranza:P76792"]
2026-02-04 12:55:27;DELETE;[]
2026-02-04 12:55:27;ADD;["cuGestionCobranza:H08335"]
2026-02-04 12:55:27;DELETE;[]
2026-02-04 12:56:27;ADD;["cuGestionCobranza:M16139"]
2026-02-04 12:56:27;DELETE;[]
2026-02-04 12:56:57;ADD;["cuGestionCobranza:M42934"]
2026-02-04 12:56:57;DELETE;[]
2026-02-04 12:56:57;ADD;["cuGestionCobranza:C96655"]
2026-02-04 12:56:57;DELETE;[]
2026-02-04 12:56:57;ADD;["cuGestionCobranza:C05865","cuGestionCobranza:G10220"]
2026-02-04 12:56:57;DELETE;[]
2026-02-04 12:57:27;ADD;["cuGestionCobranza:508994"]
2026-02-04 12:57:27;DELETE;[]
2026-02-04 12:58:26;ADD;["cuGestionCobranza:J83545","cuGestionCobranza:E91875","cuGestionCobranza:351662"]
2026-02-04 12:58:26;DELETE;[]
2026-02-04 12:58:27;ADD;["cuGestionCobranza:817861","cuGestionCobranza:748755","cuGestionCobranza:338854","cuGestionCobranza:688917"]
2026-02-04 12:58:27;DELETE;[]
2026-02-04 12:58:27;ADD;["cuGestionCobranza:H36211","cuGestionCobranza:233439"]
2026-02-04 12:58:27;DELETE;[]
2026-02-04 12:58:27;ADD;["cuGestionCobranza:823951","cuGestionCobranza:575078","cuGestionCobranza:568271"]
2026-02-04 12:58:27;DELETE;[]
2026-02-04 12:58:27;ADD;["cuGestionCobranza:485033","cuGestionCobranza:683895","cuGestionCobranza:551683","cuGestionCobranza:G91162","cuGestionCobranza:002060"]
2026-02-04 12:58:27;DELETE;[]
2026-02-04 12:58:27;ADD;["cuGestionCobranza:457434","cuGestionCobranza:953757"]
2026-02-04 12:58:27;DELETE;[]
2026-02-04 12:58:27;ADD;["cuGestionCobranza:530335","cuGestionCobranza:M39323","cuGestionCobranza:326445"]
2026-02-04 12:58:27;DELETE;[]
2026-02-04 12:58:27;ADD;["cuGestionCobranza:121855","cuGestionCobranza:961926","cuGestionCobranza:160336","cuGestionCobranza:285952"]
2026-02-04 12:58:27;DELETE;[]
2026-02-04 12:58:27;ADD;["cuGestionCobranza:M94943"]
2026-02-04 12:58:27;DELETE;[]
2026-02-04 12:58:56;ADD;["cuGestionCobranza:L13640"]
2026-02-04 12:58:56;DELETE;[]
2026-02-04 12:58:57;ADD;["cuGestionCobranza:F93088"]
2026-02-04 12:58:57;DELETE;[]
2026-02-04 12:58:57;ADD;["cuGestionCobranza:J60614","cuGestionCobranza:O91860","cuGestionCobranza:842273"]
2026-02-04 12:58:57;DELETE;[]
2026-02-04 13:00:26;ADD;["cuGestionCobranza:E62276"]
2026-02-04 13:00:26;DELETE;[]
2026-02-04 13:00:26;ADD;["cuGestionCobranza:Q09497"]
2026-02-04 13:00:26;DELETE;[]
2026-02-04 13:00:27;ADD;["cuGestionCobranza:L52783"]
2026-02-04 13:00:27;DELETE;[]
2026-02-04 13:00:27;ADD;["cuGestionCobranza:H02013"]
2026-02-04 13:00:27;DELETE;[]
2026-02-04 13:00:56;ADD;["cuGestionCobranza:056368"]
2026-02-04 13:00:56;DELETE;[]
2026-02-04 13:01:56;ADD;["cuGestionCobranza:K18214"]
2026-02-04 13:01:56;DELETE;[]
2026-02-04 13:01:57;ADD;["cuGestionCobranza:P39447","cuGestionCobranza:O43146"]
2026-02-04 13:01:57;DELETE;[]
2026-02-04 13:01:57;ADD;["cuGestionCobranza:J80264"]
2026-02-04 13:01:57;DELETE;[]
2026-02-04 13:01:57;ADD;["cuGestionCobranza:E10477"]
2026-02-04 13:01:57;DELETE;[]
2026-02-04 13:03:26;ADD;["cuGestionCobranza:M84616"]
2026-02-04 13:03:26;DELETE;[]
2026-02-04 13:03:27;ADD;["cuGestionCobranza:M39389"]
2026-02-04 13:03:27;DELETE;[]
2026-02-04 13:03:27;ADD;["cuGestionCobranza:J79463"]
2026-02-04 13:03:27;DELETE;[]
2026-02-04 13:03:27;ADD;["cuGestionCobranza:J96658","cuGestionCobranza:O66713"]
2026-02-04 13:03:27;DELETE;[]
2026-02-04 13:03:27;ADD;["cuGestionCobranza:P74570"]
2026-02-04 13:03:27;DELETE;[]
2026-02-04 13:03:57;ADD;["cuGestionCobranza:412862","cuGestionCobranza:J33195","cuGestionCobranza:I07056","cuGestionCobranza:K92360","cuGestionCobranza:F67295","cuGestionCobranza:K95684","cuGestionCobranza:J39494","cuGestionCobranza:929031"]
2026-02-04 13:03:57;DELETE;[]
2026-02-04 13:03:57;ADD;["cuGestionCobranza:P79422","cuGestionCobranza:P26403","cuGestionCobranza:A50381","cuGestionCobranza:J15841","cuGestionCobranza:576232","cuGestionCobranza:K06469","cuGestionCobranza:C98597"]
2026-02-04 13:03:57;DELETE;[]
2026-02-04 13:03:57;ADD;["cuGestionCobranza:752882","cuGestionCobranza:F90827","cuGestionCobranza:362387","cuGestionCobranza:L65378","cuGestionCobranza:L27875","cuGestionCobranza:429671","cuGestionCobranza:419958","cuGestionCobranza:N62069"]
2026-02-04 13:03:57;DELETE;[]
2026-02-04 13:03:57;ADD;["cuGestionCobranza:H65156","cuGestionCobranza:485205","cuGestionCobranza:575031","cuGestionCobranza:061248","cuGestionCobranza:P58939","cuGestionCobranza:222771"]
2026-02-04 13:03:57;DELETE;[]
2026-02-04 13:03:57;ADD;["cuGestionCobranza:568413","cuGestionCobranza:128821","cuGestionCobranza:345783","cuGestionCobranza:H91138","cuGestionCobranza:E01653","cuGestionCobranza:L66538","cuGestionCobranza:384041"]
2026-02-04 13:03:57;DELETE;[]
2026-02-04 13:03:57;ADD;["cuGestionCobranza:L09982","cuGestionCobranza:P48145","cuGestionCobranza:L89261","cuGestionCobranza:802189","cuGestionCobranza:313606","cuGestionCobranza:O58579","cuGestionCobranza:G50414"]
2026-02-04 13:03:57;DELETE;[]
2026-02-04 13:03:58;ADD;["cuGestionCobranza:C05108","cuGestionCobranza:N22325","cuGestionCobranza:236779","cuGestionCobranza:089577","cuGestionCobranza:J30323","cuGestionCobranza:383518"]
2026-02-04 13:03:58;DELETE;[]
2026-02-04 13:03:58;ADD;["cuGestionCobranza:I34714","cuGestionCobranza:G90565","cuGestionCobranza:J98546","cuGestionCobranza:L46651","cuGestionCobranza:G49565","cuGestionCobranza:N94174","cuGestionCobranza:838450","cuGestionCobranza:N74897"]
2026-02-04 13:03:58;DELETE;[]
2026-02-04 13:03:58;ADD;["cuGestionCobranza:H57995","cuGestionCobranza:257009","cuGestionCobranza:P65683","cuGestionCobranza:035898","cuGestionCobranza:P52877"]
2026-02-04 13:03:58;DELETE;[]
2026-02-04 13:03:58;ADD;["cuGestionCobranza:428890","cuGestionCobranza:783651","cuGestionCobranza:I27550","cuGestionCobranza:619002","cuGestionCobranza:E28717","cuGestionCobranza:752704","cuGestionCobranza:352600"]
2026-02-04 13:03:58;DELETE;[]
2026-02-04 13:03:58;ADD;["cuGestionCobranza:346896","cuGestionCobranza:296775","cuGestionCobranza:P21423","cuGestionCobranza:P12964","cuGestionCobranza:348735","cuGestionCobranza:P75593"]
2026-02-04 13:03:58;DELETE;[]
2026-02-04 13:03:58;ADD;["cuGestionCobranza:722752","cuGestionCobranza:399375","cuGestionCobranza:275836","cuGestionCobranza:K25668","cuGestionCobranza:578523","cuGestionCobranza:M15487"]
2026-02-04 13:03:58;DELETE;[]
2026-02-04 13:03:59;ADD;["cuGestionCobranza:O81919","cuGestionCobranza:421985","cuGestionCobranza:384828","cuGestionCobranza:932592","cuGestionCobranza:E90302","cuGestionCobranza:I12494","cuGestionCobranza:509200","cuGestionCobranza:I82572"]
2026-02-04 13:03:59;DELETE;[]
2026-02-04 13:03:59;ADD;["cuGestionCobranza:I22794","cuGestionCobranza:L01672","cuGestionCobranza:N72117","cuGestionCobranza:F43720","cuGestionCobranza:P03271","cuGestionCobranza:Q18187","cuGestionCobranza:509508","cuGestionCobranza:250843"]
2026-02-04 13:03:59;DELETE;[]
2026-02-04 13:03:59;ADD;["cuGestionCobranza:P90902","cuGestionCobranza:759754","cuGestionCobranza:P52875","cuGestionCobranza:647168","cuGestionCobranza:K78725","cuGestionCobranza:O13056","cuGestionCobranza:534840","cuGestionCobranza:G85581","cuGestionCobranza:143049"]
2026-02-04 13:03:59;DELETE;[]
2026-02-04 13:03:59;ADD;["cuGestionCobranza:K19555","cuGestionCobranza:027689","cuGestionCobranza:P02496","cuGestionCobranza:224537","cuGestionCobranza:P30675","cuGestionCobranza:423970","cuGestionCobranza:179536","cuGestionCobranza:637409"]
2026-02-04 13:03:59;DELETE;[]
2026-02-04 13:03:59;ADD;["cuGestionCobranza:831859","cuGestionCobranza:876224","cuGestionCobranza:G11239","cuGestionCobranza:F71842","cuGestionCobranza:A38471","cuGestionCobranza:510069"]
2026-02-04 13:03:59;DELETE;[]
2026-02-04 13:03:59;ADD;["cuGestionCobranza:918347","cuGestionCobranza:406883","cuGestionCobranza:F30223","cuGestionCobranza:935236","cuGestionCobranza:G34037","cuGestionCobranza:162859"]
2026-02-04 13:03:59;DELETE;[]
2026-02-04 13:04:00;ADD;["cuGestionCobranza:K43917","cuGestionCobranza:H77557","cuGestionCobranza:O73556","cuGestionCobranza:K94741","cuGestionCobranza:J13319","cuGestionCobranza:P84879","cuGestionCobranza:968859","cuGestionCobranza:358080"]
2026-02-04 13:04:00;DELETE;[]
2026-02-04 13:04:00;ADD;["cuGestionCobranza:N81271","cuGestionCobranza:L03335","cuGestionCobranza:P99151","cuGestionCobranza:M16051","cuGestionCobranza:P65682","cuGestionCobranza:G15963"]
2026-02-04 13:04:00;DELETE;[]
2026-02-04 13:04:00;ADD;["cuGestionCobranza:385974","cuGestionCobranza:M30820","cuGestionCobranza:L08902","cuGestionCobranza:L46942","cuGestionCobranza:403150","cuGestionCobranza:544563","cuGestionCobranza:262900","cuGestionCobranza:975971"]
2026-02-04 13:04:00;DELETE;[]
2026-02-04 13:04:00;ADD;["cuGestionCobranza:A42891","cuGestionCobranza:K64261"]
2026-02-04 13:04:00;DELETE;[]
2026-02-04 13:04:00;ADD;["cuGestionCobranza:J40239","cuGestionCobranza:E40831","cuGestionCobranza:K54463","cuGestionCobranza:359074","cuGestionCobranza:K90500","cuGestionCobranza:J48553"]
2026-02-04 13:04:00;DELETE;[]
2026-02-04 13:04:00;ADD;["cuGestionCobranza:N58511","cuGestionCobranza:322815","cuGestionCobranza:P84388","cuGestionCobranza:M66262","cuGestionCobranza:790797"]
2026-02-04 13:04:00;DELETE;[]
2026-02-04 13:04:00;ADD;["cuGestionCobranza:O96549","cuGestionCobranza:P51232","cuGestionCobranza:M22025","cuGestionCobranza:P32213","cuGestionCobranza:J69227"]
2026-02-04 13:04:00;DELETE;[]
2026-02-04 13:04:01;ADD;["cuGestionCobranza:G66869","cuGestionCobranza:H35286","cuGestionCobranza:N45628","cuGestionCobranza:N07054"]
2026-02-04 13:04:01;DELETE;[]
2026-02-04 13:04:01;ADD;["cuGestionCobranza:A68565","cuGestionCobranza:879948","cuGestionCobranza:853563","cuGestionCobranza:421116","cuGestionCobranza:366764","cuGestionCobranza:J15922"]
2026-02-04 13:04:01;DELETE;[]
2026-02-04 13:04:01;ADD;["cuGestionCobranza:822039","cuGestionCobranza:868824"]
2026-02-04 13:04:01;DELETE;[]
2026-02-04 13:05:27;ADD;["cuGestionCobranza:I86816"]
2026-02-04 13:05:27;DELETE;[]
2026-02-04 13:05:27;ADD;["cuGestionCobranza:Q39090","cuGestionCobranza:K14965"]
2026-02-04 13:05:27;DELETE;[]
2026-02-04 13:05:27;ADD;["cuGestionCobranza:G16589"]
2026-02-04 13:05:27;DELETE;[]
2026-02-04 13:05:27;ADD;["cuGestionCobranza:Q85634"]
2026-02-04 13:05:27;DELETE;[]
2026-02-04 13:05:27;ADD;["cuGestionCobranza:C88391"]
2026-02-04 13:05:27;DELETE;[]
2026-02-04 13:05:27;ADD;["cuGestionCobranza:P63351","cuGestionCobranza:908882"]
2026-02-04 13:05:27;DELETE;[]
2026-02-04 13:05:27;ADD;["cuGestionCobranza:O58461"]
2026-02-04 13:05:27;DELETE;[]
2026-02-04 13:05:27;ADD;["cuGestionCobranza:N26336"]
2026-02-04 13:05:27;DELETE;[]
2026-02-04 13:06:57;ADD;["cuGestionCobranza:M37626"]
2026-02-04 13:06:57;DELETE;[]
2026-02-04 13:06:57;ADD;["cuGestionCobranza:P69722"]
2026-02-04 13:06:57;DELETE;[]
2026-02-04 13:06:57;ADD;["cuGestionCobranza:I95690"]
2026-02-04 13:06:57;DELETE;[]
2026-02-04 13:06:57;ADD;["cuGestionCobranza:F78649"]
2026-02-04 13:06:57;DELETE;[]
2026-02-04 13:06:57;ADD;["cuGestionCobranza:O68239","cuGestionCobranza:P60573"]
2026-02-04 13:06:57;DELETE;[]
2026-02-04 13:07:27;ADD;["cuGestionCobranza:N53986","cuGestionCobranza:G29221"]
2026-02-04 13:07:27;DELETE;[]
2026-02-04 13:07:27;ADD;["cuGestionCobranza:H59442","cuGestionCobranza:411195"]
2026-02-04 13:07:27;DELETE;[]
2026-02-04 13:07:27;ADD;["cuGestionCobranza:G29221"]
2026-02-04 13:07:27;DELETE;[]
2026-02-04 13:07:27;ADD;["cuGestionCobranza:H11613","cuGestionCobranza:I53378"]
2026-02-04 13:07:27;DELETE;[]
2026-02-04 13:07:27;ADD;["cuGestionCobranza:H59442"]
2026-02-04 13:07:27;DELETE;[]
2026-02-04 13:08:57;ADD;["cuGestionCobranza:O35808"]
2026-02-04 13:08:57;DELETE;[]
2026-02-04 13:08:57;ADD;["cuGestionCobranza:J66019"]
2026-02-04 13:08:57;DELETE;[]
2026-02-04 13:08:57;ADD;["cuGestionCobranza:J89961","cuGestionCobranza:F61604"]
2026-02-04 13:08:57;DELETE;[]
2026-02-04 13:08:57;ADD;["cuGestionCobranza:F61604"]
2026-02-04 13:08:57;DELETE;[]
2026-02-04 13:08:57;ADD;["cuGestionCobranza:H34000"]
2026-02-04 13:08:57;DELETE;[]
2026-02-04 13:08:57;ADD;["cuGestionCobranza:O71132"]
2026-02-04 13:08:57;DELETE;[]
2026-02-04 13:09:27;ADD;["cuGestionCobranza:417770","cuGestionCobranza:O10035","cuGestionCobranza:I95588","cuGestionCobranza:631034","cuGestionCobranza:G40544","cuGestionCobranza:187244","cuGestionCobranza:K87390"]
2026-02-04 13:09:27;DELETE;[]
2026-02-04 13:09:27;ADD;["cuGestionCobranza:055780","cuGestionCobranza:144990","cuGestionCobranza:P17132","cuGestionCobranza:H19012","cuGestionCobranza:K33440","cuGestionCobranza:P88950","cuGestionCobranza:318674"]
2026-02-04 13:09:27;DELETE;[]
2026-02-04 13:09:27;ADD;["cuGestionCobranza:K27585","cuGestionCobranza:E90313","cuGestionCobranza:328475","cuGestionCobranza:Q14985","cuGestionCobranza:O63570"]
2026-02-04 13:09:27;DELETE;[]
2026-02-04 13:09:27;ADD;["cuGestionCobranza:E54158","cuGestionCobranza:E28738","cuGestionCobranza:918522","cuGestionCobranza:K95987","cuGestionCobranza:A07196"]
2026-02-04 13:09:27;DELETE;[]
2026-02-04 13:09:27;ADD;["cuGestionCobranza:P25909","cuGestionCobranza:397993","cuGestionCobranza:Q17275","cuGestionCobranza:658612","cuGestionCobranza:652293","cuGestionCobranza:G09664","cuGestionCobranza:O93170","cuGestionCobranza:622178"]
2026-02-04 13:09:27;DELETE;[]
2026-02-04 13:09:27;ADD;["cuGestionCobranza:583739","cuGestionCobranza:C53466","cuGestionCobranza:735453","cuGestionCobranza:K88428","cuGestionCobranza:N77585","cuGestionCobranza:C76614","cuGestionCobranza:296202"]
2026-02-04 13:09:27;DELETE;[]
2026-02-04 13:09:28;ADD;["cuGestionCobranza:I65863","cuGestionCobranza:127014","cuGestionCobranza:821681","cuGestionCobranza:843097","cuGestionCobranza:Q19900","cuGestionCobranza:589808","cuGestionCobranza:M32088","cuGestionCobranza:808774","cuGestionCobranza:755163","cuGestionCobranza:J76025"]
2026-02-04 13:09:28;DELETE;[]
2026-02-04 13:09:28;ADD;["cuGestionCobranza:I56178","cuGestionCobranza:659249","cuGestionCobranza:485467","cuGestionCobranza:J02499","cuGestionCobranza:N17548"]
2026-02-04 13:09:28;DELETE;[]
2026-02-04 13:09:28;ADD;["cuGestionCobranza:L48091","cuGestionCobranza:N30318","cuGestionCobranza:015200","cuGestionCobranza:116785","cuGestionCobranza:M95941","cuGestionCobranza:430625","cuGestionCobranza:H81274"]
2026-02-04 13:09:28;DELETE;[]
2026-02-04 13:09:28;ADD;["cuGestionCobranza:O40585","cuGestionCobranza:L90845","cuGestionCobranza:E08696","cuGestionCobranza:P18551","cuGestionCobranza:E56456","cuGestionCobranza:J97684","cuGestionCobranza:495066","cuGestionCobranza:A27931"]
2026-02-04 13:09:28;DELETE;[]
2026-02-04 13:09:28;ADD;["cuGestionCobranza:P17155","cuGestionCobranza:988811","cuGestionCobranza:485443","cuGestionCobranza:O04760","cuGestionCobranza:Q05612","cuGestionCobranza:506054","cuGestionCobranza:186367","cuGestionCobranza:N07682"]
2026-02-04 13:09:28;DELETE;[]
2026-02-04 13:09:28;ADD;["cuGestionCobranza:Q42704","cuGestionCobranza:O81667","cuGestionCobranza:Q06996","cuGestionCobranza:L96130","cuGestionCobranza:A07790","cuGestionCobranza:A43165","cuGestionCobranza:I65623"]
2026-02-04 13:09:28;DELETE;[]
2026-02-04 13:09:29;ADD;["cuGestionCobranza:943447","cuGestionCobranza:E83728","cuGestionCobranza:H69609","cuGestionCobranza:K95027","cuGestionCobranza:P87235","cuGestionCobranza:192195","cuGestionCobranza:K89736","cuGestionCobranza:N45021","cuGestionCobranza:N30409"]
2026-02-04 13:09:29;DELETE;[]
2026-02-04 13:09:29;ADD;["cuGestionCobranza:387187","cuGestionCobranza:H34317","cuGestionCobranza:C96584","cuGestionCobranza:O33628","cuGestionCobranza:749033","cuGestionCobranza:O81603","cuGestionCobranza:P64961","cuGestionCobranza:506155"]
2026-02-04 13:09:29;DELETE;[]
2026-02-04 13:09:29;ADD;["cuGestionCobranza:327663","cuGestionCobranza:823766","cuGestionCobranza:686744","cuGestionCobranza:347074","cuGestionCobranza:544521","cuGestionCobranza:825668"]
2026-02-04 13:09:29;DELETE;[]
2026-02-04 13:09:29;ADD;["cuGestionCobranza:E67997","cuGestionCobranza:820706","cuGestionCobranza:247541","cuGestionCobranza:935093","cuGestionCobranza:N31033","cuGestionCobranza:744956","cuGestionCobranza:P05611"]
2026-02-04 13:09:29;DELETE;[]
2026-02-04 13:09:29;ADD;["cuGestionCobranza:O60372","cuGestionCobranza:751168","cuGestionCobranza:C92323","cuGestionCobranza:O99013","cuGestionCobranza:O14712","cuGestionCobranza:813274","cuGestionCobranza:J14292","cuGestionCobranza:E75207","cuGestionCobranza:305141"]
2026-02-04 13:09:29;DELETE;[]
2026-02-04 13:09:30;ADD;["cuGestionCobranza:L28650","cuGestionCobranza:A52097","cuGestionCobranza:J13459","cuGestionCobranza:M62128","cuGestionCobranza:Q16891","cuGestionCobranza:L63978","cuGestionCobranza:191915","cuGestionCobranza:K58378"]
2026-02-04 13:09:30;DELETE;[]
2026-02-04 13:09:30;ADD;["cuGestionCobranza:987091","cuGestionCobranza:E55634","cuGestionCobranza:F47310","cuGestionCobranza:848874","cuGestionCobranza:514623","cuGestionCobranza:C46235"]
2026-02-04 13:09:30;DELETE;[]
2026-02-04 13:09:30;ADD;["cuGestionCobranza:M64705","cuGestionCobranza:C98305","cuGestionCobranza:L81979","cuGestionCobranza:F90293","cuGestionCobranza:O51657","cuGestionCobranza:N06190"]
2026-02-04 13:09:30;DELETE;[]
2026-02-04 13:09:30;ADD;["cuGestionCobranza:979463","cuGestionCobranza:O29248","cuGestionCobranza:K30661","cuGestionCobranza:653880","cuGestionCobranza:855095","cuGestionCobranza:Q17816"]
2026-02-04 13:09:30;DELETE;[]
2026-02-04 13:09:30;ADD;["cuGestionCobranza:N73037","cuGestionCobranza:343351","cuGestionCobranza:P25773","cuGestionCobranza:K30853","cuGestionCobranza:Q48015","cuGestionCobranza:J53580","cuGestionCobranza:P16234","cuGestionCobranza:F37087"]
2026-02-04 13:09:30;DELETE;[]
2026-02-04 13:09:30;ADD;["cuGestionCobranza:756502","cuGestionCobranza:P24991","cuGestionCobranza:K86707","cuGestionCobranza:O38126","cuGestionCobranza:G62480","cuGestionCobranza:394607","cuGestionCobranza:A29665","cuGestionCobranza:426965","cuGestionCobranza:P40002"]
2026-02-04 13:09:30;DELETE;[]
2026-02-04 13:09:31;ADD;["cuGestionCobranza:621287","cuGestionCobranza:248480","cuGestionCobranza:F78828","cuGestionCobranza:O44707","cuGestionCobranza:734707","cuGestionCobranza:C26582","cuGestionCobranza:M82577","cuGestionCobranza:F68095","cuGestionCobranza:P59207","cuGestionCobranza:556448"]
2026-02-04 13:09:31;DELETE;[]
2026-02-04 13:09:31;ADD;["cuGestionCobranza:Q69941","cuGestionCobranza:E16211","cuGestionCobranza:661112","cuGestionCobranza:F30228","cuGestionCobranza:J83852","cuGestionCobranza:M89388","cuGestionCobranza:N02738","cuGestionCobranza:555637","cuGestionCobranza:O62732"]
2026-02-04 13:09:31;DELETE;[]
2026-02-04 13:09:31;ADD;["cuGestionCobranza:L77786","cuGestionCobranza:C08984","cuGestionCobranza:O68908","cuGestionCobranza:899088","cuGestionCobranza:H21066","cuGestionCobranza:C36308","cuGestionCobranza:N74074","cuGestionCobranza:O39256","cuGestionCobranza:828564"]
2026-02-04 13:09:31;DELETE;[]
2026-02-04 13:09:31;ADD;["cuGestionCobranza:M65009","cuGestionCobranza:Q47843","cuGestionCobranza:Q18524","cuGestionCobranza:K92966","cuGestionCobranza:K79874","cuGestionCobranza:O51932","cuGestionCobranza:114838","cuGestionCobranza:O64417"]
2026-02-04 13:09:31;DELETE;[]
2026-02-04 13:09:31;ADD;["cuGestionCobranza:L96840","cuGestionCobranza:Q49596","cuGestionCobranza:079989","cuGestionCobranza:970961","cuGestionCobranza:O40081","cuGestionCobranza:I11322","cuGestionCobranza:M86926"]
2026-02-04 13:09:31;DELETE;[]
2026-02-04 13:09:32;ADD;["cuGestionCobranza:754043","cuGestionCobranza:A36191","cuGestionCobranza:321205","cuGestionCobranza:233519","cuGestionCobranza:750438","cuGestionCobranza:021295","cuGestionCobranza:P73837"]
2026-02-04 13:09:32;DELETE;[]
2026-02-04 13:10:57;ADD;["cuGestionCobranza:P04069"]
2026-02-04 13:10:57;DELETE;[]
2026-02-04 13:10:57;ADD;["cuGestionCobranza:H61801"]
2026-02-04 13:10:57;DELETE;[]
2026-02-04 13:10:57;ADD;["cuGestionCobranza:P73605","cuGestionCobranza:G22447"]
2026-02-04 13:10:57;DELETE;[]
2026-02-04 13:14:57;ADD;["cuGestionCobranza:N22519","cuGestionCobranza:E72328","cuGestionCobranza:G11641","cuGestionCobranza:885541","cuGestionCobranza:Q46301","cuGestionCobranza:Q18053"]
2026-02-04 13:14:57;DELETE;[]
2026-02-04 13:14:57;ADD;["cuGestionCobranza:N68722","cuGestionCobranza:M24933","cuGestionCobranza:C83921","cuGestionCobranza:046003","cuGestionCobranza:K73607","cuGestionCobranza:Q21189"]
2026-02-04 13:14:57;DELETE;[]
2026-02-04 13:14:57;ADD;["cuGestionCobranza:F90832","cuGestionCobranza:F28169","cuGestionCobranza:A68045","cuGestionCobranza:545306","cuGestionCobranza:I43007"]
2026-02-04 13:14:57;DELETE;[]
2026-02-04 13:14:57;ADD;["cuGestionCobranza:K89155","cuGestionCobranza:K13117","cuGestionCobranza:H90176","cuGestionCobranza:Q08747","cuGestionCobranza:M81815"]
2026-02-04 13:14:57;DELETE;[]
2026-02-04 13:14:57;ADD;["cuGestionCobranza:I60986","cuGestionCobranza:A08897","cuGestionCobranza:I18913","cuGestionCobranza:O30946","cuGestionCobranza:L47541","cuGestionCobranza:K72017"]
2026-02-04 13:14:57;DELETE;[]
2026-02-04 13:14:57;ADD;["cuGestionCobranza:O36218","cuGestionCobranza:Q47946","cuGestionCobranza:M72414","cuGestionCobranza:P32924","cuGestionCobranza:E86345","cuGestionCobranza:G51280","cuGestionCobranza:K70223"]
2026-02-04 13:14:57;DELETE;[]
2026-02-04 13:14:58;ADD;["cuGestionCobranza:O65711","cuGestionCobranza:N15215","cuGestionCobranza:822259","cuGestionCobranza:385801","cuGestionCobranza:H23425","cuGestionCobranza:Q13930"]
2026-02-04 13:14:58;DELETE;[]
2026-02-04 13:14:58;ADD;["cuGestionCobranza:751736","cuGestionCobranza:061341","cuGestionCobranza:H81277","cuGestionCobranza:P31251","cuGestionCobranza:G69894"]
2026-02-04 13:14:58;DELETE;[]
2026-02-04 13:14:58;ADD;["cuGestionCobranza:822257","cuGestionCobranza:L25061","cuGestionCobranza:652848","cuGestionCobranza:Q33196"]
2026-02-04 13:14:58;DELETE;[]
2026-02-04 13:14:58;ADD;["cuGestionCobranza:C10747","cuGestionCobranza:N25213","cuGestionCobranza:L17583","cuGestionCobranza:C94524","cuGestionCobranza:K57390"]
2026-02-04 13:14:58;DELETE;[]
2026-02-04 13:14:58;ADD;["cuGestionCobranza:O69249","cuGestionCobranza:583776","cuGestionCobranza:N24430","cuGestionCobranza:K70982","cuGestionCobranza:097195","cuGestionCobranza:M89060","cuGestionCobranza:F21468","cuGestionCobranza:A63559"]
2026-02-04 13:14:58;DELETE;[]
2026-02-04 13:14:58;ADD;["cuGestionCobranza:G24194","cuGestionCobranza:963398","cuGestionCobranza:J32619","cuGestionCobranza:N62070"]
2026-02-04 13:14:58;DELETE;[]
2026-02-04 13:14:58;ADD;["cuGestionCobranza:M87086","cuGestionCobranza:N88492","cuGestionCobranza:P63941","cuGestionCobranza:P87877","cuGestionCobranza:E54146","cuGestionCobranza:L68501"]
2026-02-04 13:14:58;DELETE;[]
2026-02-04 13:14:59;ADD;["cuGestionCobranza:274243","cuGestionCobranza:822321","cuGestionCobranza:416308","cuGestionCobranza:922063","cuGestionCobranza:A72573","cuGestionCobranza:H82146","cuGestionCobranza:E36960","cuGestionCobranza:P64084"]
2026-02-04 13:14:59;DELETE;[]
2026-02-04 13:14:59;ADD;["cuGestionCobranza:N70765","cuGestionCobranza:J81703","cuGestionCobranza:L45256","cuGestionCobranza:726077","cuGestionCobranza:O01554"]
2026-02-04 13:14:59;DELETE;[]
2026-02-04 13:14:59;ADD;["cuGestionCobranza:A70589","cuGestionCobranza:045737","cuGestionCobranza:P05247","cuGestionCobranza:L70790","cuGestionCobranza:C23627"]
2026-02-04 13:14:59;DELETE;[]
2026-02-04 13:14:59;ADD;["cuGestionCobranza:I86028","cuGestionCobranza:775331","cuGestionCobranza:P34412","cuGestionCobranza:949075"]
2026-02-04 13:14:59;DELETE;[]
2026-02-04 13:14:59;ADD;["cuGestionCobranza:F99714","cuGestionCobranza:284959","cuGestionCobranza:G26874","cuGestionCobranza:P54788","cuGestionCobranza:J59511","cuGestionCobranza:O59845"]
2026-02-04 13:14:59;DELETE;[]
2026-02-04 13:14:59;ADD;["cuGestionCobranza:634211","cuGestionCobranza:P14283","cuGestionCobranza:M17622","cuGestionCobranza:748441","cuGestionCobranza:P24653","cuGestionCobranza:378371","cuGestionCobranza:772868","cuGestionCobranza:A19150"]
2026-02-04 13:14:59;DELETE;[]
2026-02-04 13:14:59;ADD;["cuGestionCobranza:J88317","cuGestionCobranza:390218","cuGestionCobranza:L03350","cuGestionCobranza:856726","cuGestionCobranza:O30031","cuGestionCobranza:O69246","cuGestionCobranza:F67784"]
2026-02-04 13:14:59;DELETE;[]
2026-02-04 13:15:00;ADD;["cuGestionCobranza:F14592","cuGestionCobranza:O99461","cuGestionCobranza:N80592","cuGestionCobranza:Q06859","cuGestionCobranza:855405","cuGestionCobranza:C27306"]
2026-02-04 13:15:00;DELETE;[]
2026-02-04 13:15:00;ADD;["cuGestionCobranza:L32007","cuGestionCobranza:P60518","cuGestionCobranza:H44772","cuGestionCobranza:A22889","cuGestionCobranza:M97871","cuGestionCobranza:P60733","cuGestionCobranza:M85207"]
2026-02-04 13:15:00;DELETE;[]
2026-02-04 13:15:00;ADD;["cuGestionCobranza:H20065","cuGestionCobranza:985787","cuGestionCobranza:M50541","cuGestionCobranza:N36530","cuGestionCobranza:G68387","cuGestionCobranza:H85987"]
2026-02-04 13:15:00;DELETE;[]
2026-02-04 13:15:00;ADD;["cuGestionCobranza:J25828","cuGestionCobranza:823767","cuGestionCobranza:G24192"]
2026-02-04 13:15:00;DELETE;[]
2026-02-04 13:20:27;ADD;["cuGestionCobranza:A90148","cuGestionCobranza:O75875","cuGestionCobranza:G20465","cuGestionCobranza:F87410"]
2026-02-04 13:20:27;DELETE;[]
2026-02-04 13:20:27;ADD;["cuGestionCobranza:P90609","cuGestionCobranza:F85291","cuGestionCobranza:L57130","cuGestionCobranza:592812","cuGestionCobranza:C87893"]
2026-02-04 13:20:27;DELETE;[]
2026-02-04 13:20:27;ADD;["cuGestionCobranza:L06995","cuGestionCobranza:P19426","cuGestionCobranza:E80621","cuGestionCobranza:L84872","cuGestionCobranza:M88148","cuGestionCobranza:M24989","cuGestionCobranza:O92211"]
2026-02-04 13:20:27;DELETE;[]
2026-02-04 13:20:27;ADD;["cuGestionCobranza:Q54527","cuGestionCobranza:M21557","cuGestionCobranza:E14595","cuGestionCobranza:006473","cuGestionCobranza:O61263","cuGestionCobranza:H00550","cuGestionCobranza:H61971","cuGestionCobranza:K45138"]
2026-02-04 13:20:27;DELETE;[]
2026-02-04 13:20:27;ADD;["cuGestionCobranza:M14656","cuGestionCobranza:L56385","cuGestionCobranza:P44459","cuGestionCobranza:M77269","cuGestionCobranza:301735","cuGestionCobranza:P46537"]
2026-02-04 13:20:27;DELETE;[]
2026-02-04 13:20:27;ADD;["cuGestionCobranza:Q32060","cuGestionCobranza:O28931","cuGestionCobranza:G90151","cuGestionCobranza:P33421","cuGestionCobranza:M70656","cuGestionCobranza:941834"]
2026-02-04 13:20:27;DELETE;[]
2026-02-04 13:20:28;ADD;["cuGestionCobranza:E09466","cuGestionCobranza:P69003","cuGestionCobranza:M43764","cuGestionCobranza:E15485","cuGestionCobranza:L20791"]
2026-02-04 13:20:28;DELETE;[]
2026-02-04 13:20:28;ADD;["cuGestionCobranza:833533","cuGestionCobranza:J49421","cuGestionCobranza:793757","cuGestionCobranza:M73737","cuGestionCobranza:781499","cuGestionCobranza:C87329"]
2026-02-04 13:20:28;DELETE;[]
2026-02-04 13:20:28;ADD;["cuGestionCobranza:P56895","cuGestionCobranza:F54801","cuGestionCobranza:H52586","cuGestionCobranza:L96573","cuGestionCobranza:N59572","cuGestionCobranza:852393","cuGestionCobranza:O72564","cuGestionCobranza:F96865"]
2026-02-04 13:20:28;DELETE;[]
2026-02-04 13:20:28;ADD;["cuGestionCobranza:P94214","cuGestionCobranza:M88137","cuGestionCobranza:M41584","cuGestionCobranza:P89350","cuGestionCobranza:P88198","cuGestionCobranza:Q19453","cuGestionCobranza:P40301","cuGestionCobranza:A15707","cuGestionCobranza:K27926","cuGestionCobranza:A56951"]
2026-02-04 13:20:28;DELETE;[]
2026-02-04 13:20:28;ADD;["cuGestionCobranza:957702","cuGestionCobranza:O53652","cuGestionCobranza:P65689","cuGestionCobranza:E69836","cuGestionCobranza:F06608","cuGestionCobranza:N30198"]
2026-02-04 13:20:28;DELETE;[]
2026-02-04 13:20:28;ADD;["cuGestionCobranza:Q57033","cuGestionCobranza:F85059","cuGestionCobranza:C86650","cuGestionCobranza:E49200","cuGestionCobranza:983039","cuGestionCobranza:M36090","cuGestionCobranza:I37576","cuGestionCobranza:F67678"]
2026-02-04 13:20:28;DELETE;[]
2026-02-04 13:20:29;ADD;["cuGestionCobranza:P02045","cuGestionCobranza:I27805","cuGestionCobranza:K70874","cuGestionCobranza:L59321","cuGestionCobranza:G63488","cuGestionCobranza:P71740","cuGestionCobranza:286454"]
2026-02-04 13:20:29;DELETE;[]
2026-02-04 13:20:29;ADD;["cuGestionCobranza:H44649","cuGestionCobranza:606539","cuGestionCobranza:831898","cuGestionCobranza:P23975","cuGestionCobranza:040768","cuGestionCobranza:906045"]
2026-02-04 13:20:29;DELETE;[]
2026-02-04 13:20:29;ADD;["cuGestionCobranza:A94042","cuGestionCobranza:K90534","cuGestionCobranza:L95168","cuGestionCobranza:P72284","cuGestionCobranza:H04854","cuGestionCobranza:F28016","cuGestionCobranza:O72521","cuGestionCobranza:O40163","cuGestionCobranza:L30009"]
2026-02-04 13:20:29;DELETE;[]
2026-02-04 13:20:29;ADD;["cuGestionCobranza:J66972","cuGestionCobranza:G93847","cuGestionCobranza:K05904","cuGestionCobranza:I43327","cuGestionCobranza:N94308","cuGestionCobranza:E08985","cuGestionCobranza:957029"]
2026-02-04 13:20:29;DELETE;[]
2026-02-04 13:20:29;ADD;["cuGestionCobranza:039489","cuGestionCobranza:G20982","cuGestionCobranza:K85653","cuGestionCobranza:N74917","cuGestionCobranza:981113","cuGestionCobranza:H35118","cuGestionCobranza:009621","cuGestionCobranza:O31068","cuGestionCobranza:E66712"]
2026-02-04 13:20:29;DELETE;[]
2026-02-04 13:20:29;ADD;["cuGestionCobranza:M51422","cuGestionCobranza:P48970","cuGestionCobranza:L35183","cuGestionCobranza:A75319","cuGestionCobranza:P32640","cuGestionCobranza:H59229","cuGestionCobranza:P41339"]
2026-02-04 13:20:29;DELETE;[]
2026-02-04 13:20:30;ADD;["cuGestionCobranza:A24985","cuGestionCobranza:094817","cuGestionCobranza:186594","cuGestionCobranza:O13396","cuGestionCobranza:I51568","cuGestionCobranza:011136","cuGestionCobranza:F45472","cuGestionCobranza:E58918"]
2026-02-04 13:20:30;DELETE;[]
2026-02-04 13:20:30;ADD;["cuGestionCobranza:802841","cuGestionCobranza:786274","cuGestionCobranza:G74069","cuGestionCobranza:N34304","cuGestionCobranza:J36993","cuGestionCobranza:I70714","cuGestionCobranza:946171"]
2026-02-04 13:20:30;DELETE;[]
2026-02-04 13:20:30;ADD;["cuGestionCobranza:J86535","cuGestionCobranza:K99916","cuGestionCobranza:N31712","cuGestionCobranza:C02484","cuGestionCobranza:Q22454","cuGestionCobranza:O92264","cuGestionCobranza:J05017","cuGestionCobranza:M89065"]
2026-02-04 13:20:30;DELETE;[]
2026-02-04 13:20:30;ADD;["cuGestionCobranza:L00106","cuGestionCobranza:O54118","cuGestionCobranza:943441","cuGestionCobranza:P29567","cuGestionCobranza:P00329","cuGestionCobranza:181642","cuGestionCobranza:540122"]
2026-02-04 13:20:30;DELETE;[]
2026-02-04 13:20:30;ADD;["cuGestionCobranza:K92125","cuGestionCobranza:A53403","cuGestionCobranza:G36769","cuGestionCobranza:N69423","cuGestionCobranza:L41466","cuGestionCobranza:K94751"]
2026-02-04 13:20:30;DELETE;[]
2026-02-04 13:20:31;ADD;["cuGestionCobranza:F81472","cuGestionCobranza:M39420","cuGestionCobranza:779973","cuGestionCobranza:359179","cuGestionCobranza:O40534","cuGestionCobranza:K16232","cuGestionCobranza:021945"]
2026-02-04 13:20:31;DELETE;[]
2026-02-04 13:20:31;ADD;["cuGestionCobranza:P02938","cuGestionCobranza:G41079","cuGestionCobranza:F25153","cuGestionCobranza:A94079","cuGestionCobranza:H90811"]
2026-02-04 13:20:31;DELETE;[]
2026-02-04 13:20:31;ADD;["cuGestionCobranza:O27635","cuGestionCobranza:P01162","cuGestionCobranza:C44830","cuGestionCobranza:F40910","cuGestionCobranza:L59677"]
2026-02-04 13:20:31;DELETE;[]
2026-02-04 13:20:31;ADD;["cuGestionCobranza:L22002","cuGestionCobranza:I90431","cuGestionCobranza:931335","cuGestionCobranza:J13929","cuGestionCobranza:979492"]
2026-02-04 13:20:31;DELETE;[]
2026-02-04 13:20:57;ADD;["cuGestionCobranza:Q92617"]
2026-02-04 13:20:57;DELETE;[]
2026-02-04 13:20:57;ADD;["cuGestionCobranza:E20128"]
2026-02-04 13:20:57;DELETE;[]
2026-02-04 13:20:57;ADD;["cuGestionCobranza:J11168"]
2026-02-04 13:20:57;DELETE;[]
2026-02-04 13:20:57;ADD;["cuGestionCobranza:N31884"]
2026-02-04 13:20:57;DELETE;[]
2026-02-04 13:22:27;ADD;["cuGestionCobranza:H27856","cuGestionCobranza:J92654"]
2026-02-04 13:22:27;DELETE;[]
2026-02-04 13:22:27;ADD;["cuGestionCobranza:K12130"]
2026-02-04 13:22:27;DELETE;[]
2026-02-04 13:22:27;ADD;["cuGestionCobranza:N96052"]
2026-02-04 13:22:27;DELETE;[]
2026-02-04 13:22:27;ADD;["cuGestionCobranza:K30540"]
2026-02-04 13:22:27;DELETE;[]
2026-02-04 13:22:57;ADD;["cuGestionCobranza:C24017"]
2026-02-04 13:22:57;DELETE;[]
2026-02-04 13:22:57;ADD;["cuGestionCobranza:883900"]
2026-02-04 13:22:57;DELETE;[]
2026-02-04 13:22:57;ADD;["cuGestionCobranza:Q21102"]
2026-02-04 13:22:57;DELETE;[]
2026-02-04 13:22:57;ADD;["cuGestionCobranza:K03444"]
2026-02-04 13:22:57;DELETE;[]
2026-02-04 13:22:57;ADD;["cuGestionCobranza:G68557"]
2026-02-04 13:22:57;DELETE;[]
2026-02-04 13:23:57;ADD;["cuGestionCobranza:N90817"]
2026-02-04 13:23:57;DELETE;[]
2026-02-04 13:23:57;ADD;["cuGestionCobranza:P73274"]
2026-02-04 13:23:57;DELETE;[]
2026-02-04 13:24:27;ADD;["cuGestionCobranza:324870"]
2026-02-04 13:24:27;DELETE;[]
2026-02-04 13:24:27;ADD;["cuGestionCobranza:H57705"]
2026-02-04 13:24:27;DELETE;[]
2026-02-04 13:24:27;ADD;["cuGestionCobranza:O43546","cuGestionCobranza:H16293"]
2026-02-04 13:24:27;DELETE;[]
2026-02-04 13:25:57;ADD;["cuGestionCobranza:Q01747","cuGestionCobranza:N26704","cuGestionCobranza:J24294","cuGestionCobranza:L02126","cuGestionCobranza:P81121","cuGestionCobranza:M52849","cuGestionCobranza:P45183","cuGestionCobranza:062960"]
2026-02-04 13:25:57;DELETE;[]
2026-02-04 13:25:57;ADD;["cuGestionCobranza:C24201","cuGestionCobranza:P53626","cuGestionCobranza:986385","cuGestionCobranza:E28316","cuGestionCobranza:Q35095","cuGestionCobranza:K92437","cuGestionCobranza:G94491"]
2026-02-04 13:25:57;DELETE;[]
2026-02-04 13:25:57;ADD;["cuGestionCobranza:O38989","cuGestionCobranza:J96858","cuGestionCobranza:J25835","cuGestionCobranza:P23038","cuGestionCobranza:N46230","cuGestionCobranza:N70820","cuGestionCobranza:N26156","cuGestionCobranza:C96305","cuGestionCobranza:J43446"]
2026-02-04 13:25:57;DELETE;[]
2026-02-04 13:25:57;ADD;["cuGestionCobranza:O33385","cuGestionCobranza:N46280","cuGestionCobranza:223152","cuGestionCobranza:P62252","cuGestionCobranza:J46331","cuGestionCobranza:I30129","cuGestionCobranza:H72648"]
2026-02-04 13:25:57;DELETE;[]
2026-02-04 13:25:58;ADD;["cuGestionCobranza:I77758","cuGestionCobranza:H19502","cuGestionCobranza:O98940","cuGestionCobranza:H17771","cuGestionCobranza:Q17278","cuGestionCobranza:O65931","cuGestionCobranza:E71312","cuGestionCobranza:M48199"]
2026-02-04 13:25:58;DELETE;[]
2026-02-04 13:25:58;ADD;["cuGestionCobranza:H51733","cuGestionCobranza:H29604","cuGestionCobranza:F59958","cuGestionCobranza:O02793","cuGestionCobranza:134364","cuGestionCobranza:L08519","cuGestionCobranza:Q34577","cuGestionCobranza:C27577","cuGestionCobranza:N82090"]
2026-02-04 13:25:58;DELETE;[]
2026-02-04 13:25:58;ADD;["cuGestionCobranza:P39666","cuGestionCobranza:Q23875","cuGestionCobranza:G89755","cuGestionCobranza:A14116","cuGestionCobranza:F43542","cuGestionCobranza:056545","cuGestionCobranza:Q30505"]
2026-02-04 13:25:58;DELETE;[]
2026-02-04 13:25:58;ADD;["cuGestionCobranza:N46148","cuGestionCobranza:E56932","cuGestionCobranza:P94841","cuGestionCobranza:I12744","cuGestionCobranza:O79028","cuGestionCobranza:P03281","cuGestionCobranza:J76770"]
2026-02-04 13:25:58;DELETE;[]
2026-02-04 13:25:58;ADD;["cuGestionCobranza:F80615","cuGestionCobranza:O52606","cuGestionCobranza:Q09066","cuGestionCobranza:K51556","cuGestionCobranza:N85854","cuGestionCobranza:J81615","cuGestionCobranza:K25744","cuGestionCobranza:J46623"]
2026-02-04 13:25:58;DELETE;[]
2026-02-04 13:25:58;ADD;["cuGestionCobranza:F44177","cuGestionCobranza:M33922","cuGestionCobranza:P86034","cuGestionCobranza:G88536","cuGestionCobranza:P41185","cuGestionCobranza:L54921","cuGestionCobranza:N54254"]
2026-02-04 13:25:58;DELETE;[]
2026-02-04 13:25:59;ADD;["cuGestionCobranza:J31111","cuGestionCobranza:K13939","cuGestionCobranza:H63851","cuGestionCobranza:E17654","cuGestionCobranza:J13128","cuGestionCobranza:F54189","cuGestionCobranza:K48110","cuGestionCobranza:P57866","cuGestionCobranza:K93355","cuGestionCobranza:O02967"]
2026-02-04 13:25:59;DELETE;[]
2026-02-04 13:25:59;ADD;["cuGestionCobranza:P81662","cuGestionCobranza:Q23923","cuGestionCobranza:O32212","cuGestionCobranza:I10766","cuGestionCobranza:H50808"]
2026-02-04 13:25:59;DELETE;[]
2026-02-04 13:25:59;ADD;["cuGestionCobranza:P80381","cuGestionCobranza:C57470","cuGestionCobranza:F11566","cuGestionCobranza:Q06113","cuGestionCobranza:A74027","cuGestionCobranza:O17480"]
2026-02-04 13:25:59;DELETE;[]
2026-02-04 13:25:59;ADD;["cuGestionCobranza:N07108","cuGestionCobranza:043439","cuGestionCobranza:H92071","cuGestionCobranza:C81273","cuGestionCobranza:P40672","cuGestionCobranza:O02478","cuGestionCobranza:M34608","cuGestionCobranza:J13861"]
2026-02-04 13:25:59;DELETE;[]
2026-02-04 13:25:59;ADD;["cuGestionCobranza:J63828","cuGestionCobranza:P63458","cuGestionCobranza:O69259","cuGestionCobranza:E26526","cuGestionCobranza:L04023","cuGestionCobranza:I14687"]
2026-02-04 13:25:59;DELETE;[]
2026-02-04 13:25:59;ADD;["cuGestionCobranza:H53491","cuGestionCobranza:O58601","cuGestionCobranza:A77195","cuGestionCobranza:P41013","cuGestionCobranza:G61270"]
2026-02-04 13:25:59;DELETE;[]
2026-02-04 13:26:00;ADD;["cuGestionCobranza:N84403","cuGestionCobranza:P42771","cuGestionCobranza:J88762","cuGestionCobranza:G08108","cuGestionCobranza:L12032","cuGestionCobranza:Q38906","cuGestionCobranza:C99128"]
2026-02-04 13:26:00;DELETE;[]
2026-02-04 13:26:00;ADD;["cuGestionCobranza:F39528","cuGestionCobranza:482481","cuGestionCobranza:Q25008","cuGestionCobranza:C10751","cuGestionCobranza:L12939","cuGestionCobranza:P35268","cuGestionCobranza:J40395"]
2026-02-04 13:26:00;DELETE;[]
2026-02-04 13:26:00;ADD;["cuGestionCobranza:Q45723","cuGestionCobranza:Q19901","cuGestionCobranza:E53864","cuGestionCobranza:J12821","cuGestionCobranza:M05793","cuGestionCobranza:C95226","cuGestionCobranza:H19499","cuGestionCobranza:L11491"]
2026-02-04 13:26:00;DELETE;[]
2026-02-04 13:26:00;ADD;["cuGestionCobranza:H57709","cuGestionCobranza:H27832","cuGestionCobranza:P47137","cuGestionCobranza:M31599","cuGestionCobranza:G73975","cuGestionCobranza:H76129","cuGestionCobranza:N32910","cuGestionCobranza:N27615","cuGestionCobranza:M78872"]
2026-02-04 13:26:00;DELETE;[]
2026-02-04 13:26:00;ADD;["cuGestionCobranza:G03448","cuGestionCobranza:M00468","cuGestionCobranza:Q10011","cuGestionCobranza:H06978","cuGestionCobranza:Q13512","cuGestionCobranza:M75078"]
2026-02-04 13:26:00;DELETE;[]
2026-02-04 13:26:00;ADD;["cuGestionCobranza:L05514","cuGestionCobranza:L84344","cuGestionCobranza:K51846","cuGestionCobranza:M85456","cuGestionCobranza:A29668","cuGestionCobranza:L27884"]
2026-02-04 13:26:00;DELETE;[]
2026-02-04 13:26:01;ADD;["cuGestionCobranza:N76484","cuGestionCobranza:M21460","cuGestionCobranza:I95826","cuGestionCobranza:I30871","cuGestionCobranza:G45708","cuGestionCobranza:Q40760","cuGestionCobranza:K03857","cuGestionCobranza:A08800","cuGestionCobranza:O80303"]
2026-02-04 13:26:01;DELETE;[]
2026-02-04 13:26:01;ADD;["cuGestionCobranza:O58272","cuGestionCobranza:O33377","cuGestionCobranza:O51943","cuGestionCobranza:949552","cuGestionCobranza:O64146","cuGestionCobranza:I84655","cuGestionCobranza:P28956","cuGestionCobranza:A29444"]
2026-02-04 13:26:01;DELETE;[]
2026-02-04 13:26:01;ADD;["cuGestionCobranza:A17141","cuGestionCobranza:L68582","cuGestionCobranza:O34343","cuGestionCobranza:223198","cuGestionCobranza:K97651","cuGestionCobranza:L99569"]
2026-02-04 13:26:01;DELETE;[]
2026-02-04 13:26:01;ADD;["cuGestionCobranza:O51679","cuGestionCobranza:N92675","cuGestionCobranza:A61562","cuGestionCobranza:M14663","cuGestionCobranza:273976","cuGestionCobranza:M09642","cuGestionCobranza:P29514"]
2026-02-04 13:26:01;DELETE;[]
2026-02-04 13:26:01;ADD;["cuGestionCobranza:Q20403","cuGestionCobranza:O05143","cuGestionCobranza:K12082","cuGestionCobranza:N79752","cuGestionCobranza:325943","cuGestionCobranza:O79266","cuGestionCobranza:G55789"]
2026-02-04 13:26:01;DELETE;[]
2026-02-04 13:26:01;ADD;["cuGestionCobranza:A56094","cuGestionCobranza:C79665","cuGestionCobranza:O85080","cuGestionCobranza:731119","cuGestionCobranza:J27441","cuGestionCobranza:L04043","cuGestionCobranza:C35604"]
2026-02-04 13:26:01;DELETE;[]
2026-02-04 13:26:02;ADD;["cuGestionCobranza:P84617","cuGestionCobranza:N99561","cuGestionCobranza:A40442","cuGestionCobranza:A95068","cuGestionCobranza:H20848","cuGestionCobranza:G12118","cuGestionCobranza:L87928","cuGestionCobranza:K97931","cuGestionCobranza:P41707"]
2026-02-04 13:26:02;DELETE;[]
2026-02-04 13:26:02;ADD;["cuGestionCobranza:N20850","cuGestionCobranza:P62924","cuGestionCobranza:N97098","cuGestionCobranza:P00042","cuGestionCobranza:Q28161"]
2026-02-04 13:26:02;DELETE;[]
2026-02-04 13:26:02;ADD;["cuGestionCobranza:L17589","cuGestionCobranza:P59058","cuGestionCobranza:K61150","cuGestionCobranza:495092","cuGestionCobranza:Q49127","cuGestionCobranza:M75073","cuGestionCobranza:M75752","cuGestionCobranza:427087"]
2026-02-04 13:26:02;DELETE;[]
2026-02-04 13:26:02;ADD;["cuGestionCobranza:O52219","cuGestionCobranza:N53144","cuGestionCobranza:L32973","cuGestionCobranza:772304","cuGestionCobranza:K98868","cuGestionCobranza:I51572","cuGestionCobranza:H62119","cuGestionCobranza:J54373"]
2026-02-04 13:26:02;DELETE;[]
2026-02-04 13:26:02;ADD;["cuGestionCobranza:O09451","cuGestionCobranza:I54624"]
2026-02-04 13:26:02;DELETE;[]
2026-02-04 13:26:27;ADD;["cuGestionCobranza:F56891","cuGestionCobranza:P38550"]
2026-02-04 13:26:27;DELETE;[]
2026-02-04 13:26:27;ADD;["cuGestionCobranza:J91465","cuGestionCobranza:F69911"]
2026-02-04 13:26:27;DELETE;[]
2026-02-04 13:26:27;ADD;["cuGestionCobranza:N96800"]
2026-02-04 13:26:27;DELETE;[]
2026-02-04 13:27:57;ADD;["cuGestionCobranza:M98233"]
2026-02-04 13:27:57;DELETE;[]
2026-02-04 13:27:57;ADD;["cuGestionCobranza:F10989"]
2026-02-04 13:27:57;DELETE;[]
2026-02-04 13:27:57;ADD;["cuGestionCobranza:N29754"]
2026-02-04 13:27:57;DELETE;[]
2026-02-04 13:28:27;ADD;["cuGestionCobranza:I80052"]
2026-02-04 13:28:27;DELETE;[]
2026-02-04 13:28:27;ADD;["cuGestionCobranza:K02897"]
2026-02-04 13:28:27;DELETE;[]
2026-02-04 13:28:27;ADD;["cuGestionCobranza:431286"]
2026-02-04 13:28:27;DELETE;[]
2026-02-04 13:28:27;ADD;["cuGestionCobranza:G02268"]
2026-02-04 13:28:27;DELETE;[]
2026-02-04 13:28:27;ADD;["cuGestionCobranza:912861"]
2026-02-04 13:28:27;DELETE;[]
2026-02-04 13:28:27;ADD;["cuGestionCobranza:O38011"]
2026-02-04 13:28:27;DELETE;[]
2026-02-04 13:28:27;ADD;["cuGestionCobranza:L75197"]
2026-02-04 13:28:27;DELETE;[]
2026-02-04 13:28:27;ADD;["cuGestionCobranza:F75284"]
2026-02-04 13:28:27;DELETE;[]
2026-02-04 13:28:27;ADD;["cuGestionCobranza:H10010"]
2026-02-04 13:28:27;DELETE;[]
2026-02-04 13:29:57;ADD;["cuGestionCobranza:M38911"]
2026-02-04 13:29:57;DELETE;[]
2026-02-04 13:29:57;ADD;["cuGestionCobranza:N37428"]
2026-02-04 13:29:57;DELETE;[]
2026-02-04 13:29:57;ADD;["cuGestionCobranza:H08135"]
2026-02-04 13:29:57;DELETE;[]
2026-02-04 13:29:57;ADD;["cuGestionCobranza:Q12532"]
2026-02-04 13:29:57;DELETE;[]
2026-02-04 13:30:27;ADD;["cuGestionCobranza:G68179","cuGestionCobranza:C04744","cuGestionCobranza:H87891"]
2026-02-04 13:30:27;DELETE;[]
2026-02-04 13:30:27;ADD;["cuGestionCobranza:099631"]
2026-02-04 13:30:27;DELETE;[]
2026-02-04 13:30:27;ADD;["cuGestionCobranza:403507"]
2026-02-04 13:30:27;DELETE;[]
2026-02-04 13:30:27;ADD;["cuGestionCobranza:M27445"]
2026-02-04 13:30:27;DELETE;[]
2026-02-04 13:31:27;ADD;["cuGestionCobranza:L06166","cuGestionCobranza:P44901","cuGestionCobranza:H31749","cuGestionCobranza:N76486","cuGestionCobranza:H00066"]
2026-02-04 13:31:27;DELETE;[]
2026-02-04 13:31:27;ADD;["cuGestionCobranza:Q48092","cuGestionCobranza:P64807","cuGestionCobranza:G68937","cuGestionCobranza:M24199","cuGestionCobranza:N68072","cuGestionCobranza:O14840","cuGestionCobranza:O31171","cuGestionCobranza:M21563"]
2026-02-04 13:31:27;DELETE;[]
2026-02-04 13:31:27;ADD;["cuGestionCobranza:P44819","cuGestionCobranza:J64070","cuGestionCobranza:M58270","cuGestionCobranza:P97573"]
2026-02-04 13:31:27;DELETE;[]
2026-02-04 13:31:27;ADD;["cuGestionCobranza:A04305","cuGestionCobranza:P49628","cuGestionCobranza:Q39743","cuGestionCobranza:O34577","cuGestionCobranza:M28420","cuGestionCobranza:N96083","cuGestionCobranza:N80009"]
2026-02-04 13:31:27;DELETE;[]
2026-02-04 13:31:27;ADD;["cuGestionCobranza:K99427","cuGestionCobranza:O33422","cuGestionCobranza:J15658","cuGestionCobranza:L70280","cuGestionCobranza:J11231","cuGestionCobranza:G57649"]
2026-02-04 13:31:27;DELETE;[]
2026-02-04 13:31:28;ADD;["cuGestionCobranza:P97671","cuGestionCobranza:N95684","cuGestionCobranza:N99720","cuGestionCobranza:K93660","cuGestionCobranza:J77966","cuGestionCobranza:N57859","cuGestionCobranza:144191","cuGestionCobranza:N96867"]
2026-02-04 13:31:28;DELETE;[]
2026-02-04 13:31:28;ADD;["cuGestionCobranza:739058","cuGestionCobranza:H26104","cuGestionCobranza:G87255","cuGestionCobranza:J49435","cuGestionCobranza:Q47550","cuGestionCobranza:F03695","cuGestionCobranza:J13129","cuGestionCobranza:F35672"]
2026-02-04 13:31:28;DELETE;[]
2026-02-04 13:31:28;ADD;["cuGestionCobranza:J15155","cuGestionCobranza:L06167","cuGestionCobranza:P73115","cuGestionCobranza:J41352","cuGestionCobranza:K24264","cuGestionCobranza:L04555"]
2026-02-04 13:31:28;DELETE;[]
2026-02-04 13:31:28;ADD;["cuGestionCobranza:E76764","cuGestionCobranza:K91914","cuGestionCobranza:L04049","cuGestionCobranza:L98216","cuGestionCobranza:Q02949"]
2026-02-04 13:31:28;DELETE;[]
2026-02-04 13:31:28;ADD;["cuGestionCobranza:P76812","cuGestionCobranza:M24853","cuGestionCobranza:L04050","cuGestionCobranza:N89292","cuGestionCobranza:A29785","cuGestionCobranza:F38752"]
2026-02-04 13:31:28;DELETE;[]
2026-02-04 13:31:28;ADD;["cuGestionCobranza:Q24059","cuGestionCobranza:N82490","cuGestionCobranza:H88218","cuGestionCobranza:H37793","cuGestionCobranza:Q09138","cuGestionCobranza:F28979","cuGestionCobranza:M58053"]
2026-02-04 13:31:28;DELETE;[]
2026-02-04 13:31:29;ADD;["cuGestionCobranza:I01311","cuGestionCobranza:O43076","cuGestionCobranza:G43230","cuGestionCobranza:P37112","cuGestionCobranza:K10250","cuGestionCobranza:M34953"]
2026-02-04 13:31:29;DELETE;[]
2026-02-04 13:31:29;ADD;["cuGestionCobranza:K92478","cuGestionCobranza:H06774","cuGestionCobranza:O81924","cuGestionCobranza:N55683","cuGestionCobranza:G23578","cuGestionCobranza:O78111"]
2026-02-04 13:31:29;DELETE;[]
2026-02-04 13:31:29;ADD;["cuGestionCobranza:G27925","cuGestionCobranza:N07127","cuGestionCobranza:O33418","cuGestionCobranza:K73673"]
2026-02-04 13:31:29;DELETE;[]
2026-02-04 13:31:29;ADD;["cuGestionCobranza:N20313","cuGestionCobranza:F85507","cuGestionCobranza:P97756","cuGestionCobranza:P83696","cuGestionCobranza:H66398"]
2026-02-04 13:31:29;DELETE;[]
2026-02-04 13:31:29;ADD;["cuGestionCobranza:P85693","cuGestionCobranza:M99452","cuGestionCobranza:L23013"]
2026-02-04 13:31:29;DELETE;[]
2026-02-04 13:31:29;ADD;["cuGestionCobranza:N33720","cuGestionCobranza:I40185","cuGestionCobranza:H25463","cuGestionCobranza:581374"]
2026-02-04 13:31:29;DELETE;[]
2026-02-04 13:31:29;ADD;["cuGestionCobranza:N14656"]
2026-02-04 13:31:29;DELETE;[]
2026-02-04 13:31:57;ADD;["cuGestionCobranza:891496"]
2026-02-04 13:31:57;DELETE;[]
2026-02-04 13:31:57;ADD;["cuGestionCobranza:E28825","cuGestionCobranza:P78844"]
2026-02-04 13:31:57;DELETE;[]
2026-02-04 13:32:27;ADD;["cuGestionCobranza:887790"]
2026-02-04 13:32:27;DELETE;[]
2026-02-04 13:32:27;ADD;["cuGestionCobranza:749683","cuGestionCobranza:P27628","cuGestionCobranza:J84380"]
2026-02-04 13:32:27;DELETE;[]
2026-02-04 13:32:27;ADD;["cuGestionCobranza:K23510","cuGestionCobranza:N68780"]
2026-02-04 13:32:27;DELETE;[]
2026-02-04 13:32:27;ADD;["cuGestionCobranza:L59016"]
2026-02-04 13:32:27;DELETE;[]
2026-02-04 13:33:57;ADD;["cuGestionCobranza:E78865"]
2026-02-04 13:33:57;DELETE;[]
2026-02-04 13:33:57;ADD;["cuGestionCobranza:N51947"]
2026-02-04 13:33:57;DELETE;[]
2026-02-04 13:33:57;ADD;["cuGestionCobranza:H76251","cuGestionCobranza:M91469","cuGestionCobranza:L08060"]
2026-02-04 13:33:57;DELETE;[]
2026-02-04 13:33:57;ADD;["cuGestionCobranza:M90127"]
2026-02-04 13:33:57;DELETE;[]
2026-02-04 13:33:57;ADD;["cuGestionCobranza:K58148"]
2026-02-04 13:33:57;DELETE;[]
2026-02-04 13:33:57;ADD;["cuGestionCobranza:P99076","cuGestionCobranza:G59753"]
2026-02-04 13:33:57;DELETE;[]
2026-02-04 13:35:27;ADD;["cuGestionCobranza:F16883"]
2026-02-04 13:35:27;DELETE;[]
2026-02-04 13:35:27;ADD;["cuGestionCobranza:K60689","cuGestionCobranza:J64884"]
2026-02-04 13:35:27;DELETE;[]
2026-02-04 13:35:27;ADD;["cuGestionCobranza:P32044"]
2026-02-04 13:35:27;DELETE;[]
2026-02-04 13:35:27;ADD;["cuGestionCobranza:F39808","cuGestionCobranza:H11159"]
2026-02-04 13:35:27;DELETE;[]
2026-02-04 13:35:27;ADD;["cuGestionCobranza:M83329"]
2026-02-04 13:35:27;DELETE;[]
2026-02-04 13:35:27;ADD;["cuGestionCobranza:N15655"]
2026-02-04 13:35:27;DELETE;[]
2026-02-04 13:35:57;ADD;["cuGestionCobranza:P01665"]
2026-02-04 13:35:57;DELETE;[]
2026-02-04 13:35:57;ADD;["cuGestionCobranza:I81641"]
2026-02-04 13:35:57;DELETE;[]
2026-02-04 13:35:57;ADD;["cuGestionCobranza:P09024","cuGestionCobranza:319184"]
2026-02-04 13:35:57;DELETE;[]
2026-02-04 13:35:57;ADD;["cuGestionCobranza:Q34145"]
2026-02-04 13:35:57;DELETE;[]
2026-02-04 13:36:57;ADD;["cuGestionCobranza:K85338","cuGestionCobranza:I11324","cuGestionCobranza:P27314","cuGestionCobranza:M33109","cuGestionCobranza:P33710","cuGestionCobranza:332061","cuGestionCobranza:J48919","cuGestionCobranza:K28709"]
2026-02-04 13:36:57;DELETE;[]
2026-02-04 13:36:57;ADD;["cuGestionCobranza:E95647","cuGestionCobranza:105462","cuGestionCobranza:021268","cuGestionCobranza:N63686","cuGestionCobranza:383864","cuGestionCobranza:O87453"]
2026-02-04 13:36:57;DELETE;[]
2026-02-04 13:36:57;ADD;["cuGestionCobranza:L95520","cuGestionCobranza:P60113","cuGestionCobranza:J15679","cuGestionCobranza:L68329","cuGestionCobranza:Q45384","cuGestionCobranza:N55685","cuGestionCobranza:K11740","cuGestionCobranza:Q36765"]
2026-02-04 13:36:57;DELETE;[]
2026-02-04 13:36:57;ADD;["cuGestionCobranza:E30212","cuGestionCobranza:H20146","cuGestionCobranza:988035","cuGestionCobranza:L03400","cuGestionCobranza:A59059","cuGestionCobranza:312708","cuGestionCobranza:241551","cuGestionCobranza:O38061"]
2026-02-04 13:36:57;DELETE;[]
2026-02-04 13:36:58;ADD;["cuGestionCobranza:E84496","cuGestionCobranza:626160","cuGestionCobranza:N07598","cuGestionCobranza:K98340","cuGestionCobranza:642257","cuGestionCobranza:315616","cuGestionCobranza:G85279","cuGestionCobranza:F98146"]
2026-02-04 13:36:58;DELETE;[]
2026-02-04 13:36:58;ADD;["cuGestionCobranza:E38183","cuGestionCobranza:870831","cuGestionCobranza:I83282","cuGestionCobranza:P30656","cuGestionCobranza:C89872","cuGestionCobranza:N83995"]
2026-02-04 13:36:58;DELETE;[]
2026-02-04 13:36:58;ADD;["cuGestionCobranza:520207","cuGestionCobranza:N81916","cuGestionCobranza:K27587","cuGestionCobranza:A58555","cuGestionCobranza:J17226","cuGestionCobranza:C93360","cuGestionCobranza:P16244"]
2026-02-04 13:36:58;DELETE;[]
2026-02-04 13:36:58;ADD;["cuGestionCobranza:G15075","cuGestionCobranza:O72531","cuGestionCobranza:345244","cuGestionCobranza:O48184","cuGestionCobranza:C41324","cuGestionCobranza:L94899","cuGestionCobranza:A86639"]
2026-02-04 13:36:58;DELETE;[]
2026-02-04 13:36:58;ADD;["cuGestionCobranza:E20042","cuGestionCobranza:O45820","cuGestionCobranza:M44867","cuGestionCobranza:037518","cuGestionCobranza:O92992","cuGestionCobranza:Q71267","cuGestionCobranza:M91683","cuGestionCobranza:Q15652","cuGestionCobranza:K85312"]
2026-02-04 13:36:58;DELETE;[]
2026-02-04 13:36:59;ADD;["cuGestionCobranza:G44914","cuGestionCobranza:N27623","cuGestionCobranza:K25747","cuGestionCobranza:F76869","cuGestionCobranza:C93750","cuGestionCobranza:O49568","cuGestionCobranza:J94042"]
2026-02-04 13:36:59;DELETE;[]
2026-02-04 13:36:59;ADD;["cuGestionCobranza:M59259","cuGestionCobranza:P64970","cuGestionCobranza:O72418","cuGestionCobranza:I14436","cuGestionCobranza:J15166","cuGestionCobranza:O78574"]
2026-02-04 13:36:59;DELETE;[]
2026-02-04 13:36:59;ADD;["cuGestionCobranza:O96966","cuGestionCobranza:O17483","cuGestionCobranza:Q46907","cuGestionCobranza:L93732","cuGestionCobranza:889092","cuGestionCobranza:688759","cuGestionCobranza:O94140"]
2026-02-04 13:36:59;DELETE;[]
2026-02-04 13:36:59;ADD;["cuGestionCobranza:P32484","cuGestionCobranza:N81427","cuGestionCobranza:K00428","cuGestionCobranza:813397","cuGestionCobranza:O83182","cuGestionCobranza:M66526","cuGestionCobranza:Q50777","cuGestionCobranza:K20900"]
2026-02-04 13:36:59;DELETE;[]
2026-02-04 13:36:59;ADD;["cuGestionCobranza:788328","cuGestionCobranza:K78984","cuGestionCobranza:E33627","cuGestionCobranza:P25538","cuGestionCobranza:032315"]
2026-02-04 13:36:59;DELETE;[]
2026-02-04 13:36:59;ADD;["cuGestionCobranza:O37691","cuGestionCobranza:H60234","cuGestionCobranza:L26086","cuGestionCobranza:I13269","cuGestionCobranza:P75038","cuGestionCobranza:E86872","cuGestionCobranza:N50453","cuGestionCobranza:A30888","cuGestionCobranza:L39670","cuGestionCobranza:Q16037"]
2026-02-04 13:36:59;DELETE;[]
2026-02-04 13:37:00;ADD;["cuGestionCobranza:N80916","cuGestionCobranza:L89412","cuGestionCobranza:L89413","cuGestionCobranza:P47818","cuGestionCobranza:A83689","cuGestionCobranza:832683","cuGestionCobranza:P36298","cuGestionCobranza:264326"]
2026-02-04 13:37:00;DELETE;[]
2026-02-04 13:37:00;ADD;["cuGestionCobranza:L23572","cuGestionCobranza:L50845","cuGestionCobranza:N53312","cuGestionCobranza:N28079","cuGestionCobranza:O50964","cuGestionCobranza:E84782","cuGestionCobranza:M32040"]
2026-02-04 13:37:00;DELETE;[]
2026-02-04 13:37:00;ADD;["cuGestionCobranza:036603","cuGestionCobranza:N72452","cuGestionCobranza:I39444","cuGestionCobranza:975758","cuGestionCobranza:N58226","cuGestionCobranza:K90507","cuGestionCobranza:G36800"]
2026-02-04 13:37:00;DELETE;[]
2026-02-04 13:37:00;ADD;["cuGestionCobranza:O81671","cuGestionCobranza:K00675","cuGestionCobranza:E05117","cuGestionCobranza:L27030","cuGestionCobranza:L65335","cuGestionCobranza:P00176"]
2026-02-04 13:37:00;DELETE;[]
2026-02-04 13:37:00;ADD;["cuGestionCobranza:I77189","cuGestionCobranza:Q06297","cuGestionCobranza:G36073","cuGestionCobranza:E80516","cuGestionCobranza:O43388"]
2026-02-04 13:37:00;DELETE;[]
2026-02-04 13:37:00;ADD;["cuGestionCobranza:M86674","cuGestionCobranza:J20033","cuGestionCobranza:Q34240","cuGestionCobranza:H42378","cuGestionCobranza:117011","cuGestionCobranza:N50344","cuGestionCobranza:O44783","cuGestionCobranza:983009"]
2026-02-04 13:37:00;DELETE;[]
2026-02-04 13:37:00;ADD;["cuGestionCobranza:M20656","cuGestionCobranza:G91829","cuGestionCobranza:P17582","cuGestionCobranza:E63093"]
2026-02-04 13:37:00;DELETE;[]
2026-02-04 13:37:01;ADD;["cuGestionCobranza:M83073","cuGestionCobranza:G21934","cuGestionCobranza:P80619","cuGestionCobranza:G87270","cuGestionCobranza:L04867","cuGestionCobranza:L71594"]
2026-02-04 13:37:01;DELETE;[]
2026-02-04 13:37:01;ADD;["cuGestionCobranza:708904","cuGestionCobranza:Q34282","cuGestionCobranza:Q26212","cuGestionCobranza:800536","cuGestionCobranza:447798","cuGestionCobranza:C12581","cuGestionCobranza:O07893"]
2026-02-04 13:37:01;DELETE;[]
2026-02-04 13:37:01;ADD;["cuGestionCobranza:E66805","cuGestionCobranza:O21082","cuGestionCobranza:C49232"]
2026-02-04 13:37:01;DELETE;[]
2026-02-04 13:37:01;ADD;["cuGestionCobranza:A18619","cuGestionCobranza:L80213","cuGestionCobranza:I95220","cuGestionCobranza:N31711","cuGestionCobranza:G09680","cuGestionCobranza:P15911"]
2026-02-04 13:37:01;DELETE;[]
2026-02-04 13:37:01;ADD;["cuGestionCobranza:O74923","cuGestionCobranza:G14025","cuGestionCobranza:J48918","cuGestionCobranza:M76517","cuGestionCobranza:O48811","cuGestionCobranza:L59326","cuGestionCobranza:456134"]
2026-02-04 13:37:01;DELETE;[]
2026-02-04 13:37:01;ADD;["cuGestionCobranza:133403","cuGestionCobranza:A67063","cuGestionCobranza:G10461","cuGestionCobranza:L20936","cuGestionCobranza:981469"]
2026-02-04 13:37:01;DELETE;[]
2026-02-04 13:37:01;ADD;["cuGestionCobranza:F22589","cuGestionCobranza:M33373","cuGestionCobranza:I87389","cuGestionCobranza:O66351","cuGestionCobranza:G53013"]
2026-02-04 13:37:01;DELETE;[]
2026-02-04 13:37:02;ADD;["cuGestionCobranza:N80516","cuGestionCobranza:N88242","cuGestionCobranza:O29824","cuGestionCobranza:P11559","cuGestionCobranza:O66005","cuGestionCobranza:375043","cuGestionCobranza:C01368"]
2026-02-04 13:37:02;DELETE;[]
2026-02-04 13:37:02;ADD;["cuGestionCobranza:217765","cuGestionCobranza:G88278","cuGestionCobranza:318616","cuGestionCobranza:A66134","cuGestionCobranza:G06619"]
2026-02-04 13:37:02;DELETE;[]
2026-02-04 13:37:02;ADD;["cuGestionCobranza:P89760","cuGestionCobranza:C00075","cuGestionCobranza:N74955","cuGestionCobranza:I29167","cuGestionCobranza:H38561"]
2026-02-04 13:37:02;DELETE;[]
2026-02-04 13:37:27;ADD;["cuGestionCobranza:N92149","cuGestionCobranza:C36560"]
2026-02-04 13:37:27;DELETE;[]
2026-02-04 13:37:27;ADD;["cuGestionCobranza:G69686","cuGestionCobranza:N19980","cuGestionCobranza:A09194"]
2026-02-04 13:37:27;DELETE;[]
2026-02-04 13:37:27;ADD;["cuGestionCobranza:G64030"]
2026-02-04 13:37:27;DELETE;[]
2026-02-04 13:37:57;ADD;["cuGestionCobranza:K18307"]
2026-02-04 13:37:57;DELETE;[]
2026-02-04 13:37:57;ADD;["cuGestionCobranza:C56279"]
2026-02-04 13:37:57;DELETE;[]
2026-02-04 13:37:57;ADD;["cuGestionCobranza:601939"]
2026-02-04 13:37:57;DELETE;[]
2026-02-04 13:37:57;ADD;["cuGestionCobranza:Q69424","cuGestionCobranza:E52143"]
2026-02-04 13:37:57;DELETE;[]
2026-02-04 13:37:57;ADD;["cuGestionCobranza:G49525"]
2026-02-04 13:37:57;DELETE;[]
2026-02-04 13:39:27;ADD;["cuGestionCobranza:J96314","cuGestionCobranza:488832"]
2026-02-04 13:39:27;DELETE;[]
2026-02-04 13:39:27;ADD;["cuGestionCobranza:M56697","cuGestionCobranza:K58004"]
2026-02-04 13:39:27;DELETE;[]
2026-02-04 13:39:27;ADD;["cuGestionCobranza:P55954"]
2026-02-04 13:39:27;DELETE;[]
2026-02-04 13:39:27;ADD;["cuGestionCobranza:P66174"]
2026-02-04 13:39:27;DELETE;[]
2026-02-04 13:39:27;ADD;["cuGestionCobranza:E47512"]
2026-02-04 13:39:27;DELETE;[]
2026-02-04 13:39:27;ADD;["cuGestionCobranza:G36538"]
2026-02-04 13:39:27;DELETE;[]
2026-02-04 13:39:57;ADD;["cuGestionCobranza:C56670"]
2026-02-04 13:39:57;DELETE;[]
2026-02-04 13:39:57;ADD;["cuGestionCobranza:P37543"]
2026-02-04 13:39:57;DELETE;[]
2026-02-04 13:39:57;ADD;["cuGestionCobranza:J76933"]
2026-02-04 13:39:57;DELETE;[]
2026-02-04 13:41:27;ADD;["cuGestionCobranza:G34940","cuGestionCobranza:P92425","cuGestionCobranza:J74791"]
2026-02-04 13:41:27;DELETE;[]
2026-02-04 13:41:27;ADD;["cuGestionCobranza:G23740","cuGestionCobranza:P77596"]
2026-02-04 13:41:27;DELETE;[]
2026-02-04 13:41:27;ADD;["cuGestionCobranza:P19703","cuGestionCobranza:I31952","cuGestionCobranza:J84023"]
2026-02-04 13:41:27;DELETE;[]
2026-02-04 13:41:27;ADD;["cuGestionCobranza:498447","cuGestionCobranza:Q48798"]
2026-02-04 13:41:27;DELETE;[]
2026-02-04 13:41:27;ADD;["cuGestionCobranza:M53492"]
2026-02-04 13:41:27;DELETE;[]
2026-02-04 13:42:27;ADD;["cuGestionCobranza:A56315","cuGestionCobranza:H60191","cuGestionCobranza:O12013","cuGestionCobranza:M86589","cuGestionCobranza:P80016","cuGestionCobranza:O77868"]
2026-02-04 13:42:27;DELETE;[]
2026-02-04 13:42:27;ADD;["cuGestionCobranza:O46005","cuGestionCobranza:635377","cuGestionCobranza:O52378","cuGestionCobranza:N39406","cuGestionCobranza:K94271","cuGestionCobranza:H61798","cuGestionCobranza:N64108","cuGestionCobranza:O10036"]
2026-02-04 13:42:27;DELETE;[]
2026-02-04 13:42:27;ADD;["cuGestionCobranza:O79032","cuGestionCobranza:K80253","cuGestionCobranza:P12321","cuGestionCobranza:Q09267","cuGestionCobranza:P73862","cuGestionCobranza:G98358","cuGestionCobranza:062348"]
2026-02-04 13:42:27;DELETE;[]
2026-02-04 13:42:27;ADD;["cuGestionCobranza:O48496","cuGestionCobranza:L23029","cuGestionCobranza:H90400","cuGestionCobranza:C35293","cuGestionCobranza:C53440","cuGestionCobranza:884583","cuGestionCobranza:F79647"]
2026-02-04 13:42:27;DELETE;[]
2026-02-04 13:42:28;ADD;["cuGestionCobranza:O84300","cuGestionCobranza:O90987","cuGestionCobranza:G68419","cuGestionCobranza:O39859","cuGestionCobranza:J06373","cuGestionCobranza:L65902"]
2026-02-04 13:42:28;DELETE;[]
2026-02-04 13:42:28;ADD;["cuGestionCobranza:N48433","cuGestionCobranza:N23592","cuGestionCobranza:O71542","cuGestionCobranza:I77098","cuGestionCobranza:451414","cuGestionCobranza:M63903","cuGestionCobranza:P64111"]
2026-02-04 13:42:28;DELETE;[]
2026-02-04 13:42:28;ADD;["cuGestionCobranza:C88163","cuGestionCobranza:I60314","cuGestionCobranza:L56224","cuGestionCobranza:O75906","cuGestionCobranza:H73260","cuGestionCobranza:Q13552","cuGestionCobranza:952752"]
2026-02-04 13:42:28;DELETE;[]
2026-02-04 13:42:28;ADD;["cuGestionCobranza:M26058","cuGestionCobranza:K29502","cuGestionCobranza:O40079","cuGestionCobranza:C74160","cuGestionCobranza:G49092","cuGestionCobranza:O45489","cuGestionCobranza:L01962","cuGestionCobranza:A62436"]
2026-02-04 13:42:28;DELETE;[]
2026-02-04 13:42:28;ADD;["cuGestionCobranza:M90427","cuGestionCobranza:N88250","cuGestionCobranza:304465","cuGestionCobranza:F77234","cuGestionCobranza:N64628","cuGestionCobranza:N03564","cuGestionCobranza:C47509","cuGestionCobranza:M97873"]
2026-02-04 13:42:28;DELETE;[]
2026-02-04 13:42:28;ADD;["cuGestionCobranza:324938","cuGestionCobranza:O05151","cuGestionCobranza:Q33888","cuGestionCobranza:O54908","cuGestionCobranza:J87117","cuGestionCobranza:O70035","cuGestionCobranza:L04300","cuGestionCobranza:K62955"]
2026-02-04 13:42:28;DELETE;[]
2026-02-04 13:42:29;ADD;["cuGestionCobranza:614162","cuGestionCobranza:I12381","cuGestionCobranza:A89592","cuGestionCobranza:O47227","cuGestionCobranza:J25181","cuGestionCobranza:K07909","cuGestionCobranza:M00213","cuGestionCobranza:112144"]
2026-02-04 13:42:29;DELETE;[]
2026-02-04 13:42:29;ADD;["cuGestionCobranza:K90658","cuGestionCobranza:G31842","cuGestionCobranza:O65768","cuGestionCobranza:L61727","cuGestionCobranza:O52161","cuGestionCobranza:P71816","cuGestionCobranza:F70838"]
2026-02-04 13:42:29;DELETE;[]
2026-02-04 13:42:29;ADD;["cuGestionCobranza:M40585","cuGestionCobranza:O94072","cuGestionCobranza:A79075","cuGestionCobranza:F73907","cuGestionCobranza:F73024","cuGestionCobranza:434890","cuGestionCobranza:E09648"]
2026-02-04 13:42:29;DELETE;[]
2026-02-04 13:42:29;ADD;["cuGestionCobranza:K80053","cuGestionCobranza:132048","cuGestionCobranza:M88158","cuGestionCobranza:F61135","cuGestionCobranza:L93089","cuGestionCobranza:F48470","cuGestionCobranza:I63032","cuGestionCobranza:P20208","cuGestionCobranza:O63236"]
2026-02-04 13:42:29;DELETE;[]
2026-02-04 13:42:29;ADD;["cuGestionCobranza:N93377","cuGestionCobranza:K96012","cuGestionCobranza:I24835","cuGestionCobranza:L04574","cuGestionCobranza:L59329","cuGestionCobranza:E32063","cuGestionCobranza:O57805"]
2026-02-04 13:42:29;DELETE;[]
2026-02-04 13:42:29;ADD;["cuGestionCobranza:I53358","cuGestionCobranza:J87423","cuGestionCobranza:H46510","cuGestionCobranza:L62578","cuGestionCobranza:L40269","cuGestionCobranza:H85192","cuGestionCobranza:M88724"]
2026-02-04 13:42:29;DELETE;[]
2026-02-04 13:42:30;ADD;["cuGestionCobranza:N22582","cuGestionCobranza:L12840","cuGestionCobranza:Q04588","cuGestionCobranza:P01850","cuGestionCobranza:J84262","cuGestionCobranza:I58275","cuGestionCobranza:K90598"]
2026-02-04 13:42:30;DELETE;[]
2026-02-04 13:42:30;ADD;["cuGestionCobranza:G56037","cuGestionCobranza:G88314","cuGestionCobranza:K40919","cuGestionCobranza:P59155","cuGestionCobranza:L73375","cuGestionCobranza:M39037","cuGestionCobranza:G98560"]
2026-02-04 13:42:30;DELETE;[]
2026-02-04 13:42:30;ADD;["cuGestionCobranza:M44893","cuGestionCobranza:L05175","cuGestionCobranza:N54009","cuGestionCobranza:O06543","cuGestionCobranza:P45138","cuGestionCobranza:G51580","cuGestionCobranza:233071","cuGestionCobranza:H18590"]
2026-02-04 13:42:30;DELETE;[]
2026-02-04 13:42:30;ADD;["cuGestionCobranza:L92699","cuGestionCobranza:L67535","cuGestionCobranza:L01470","cuGestionCobranza:M31696"]
2026-02-04 13:42:30;DELETE;[]
2026-02-04 13:42:30;ADD;["cuGestionCobranza:G96886","cuGestionCobranza:M91527","cuGestionCobranza:M87487","cuGestionCobranza:C11292","cuGestionCobranza:A78721","cuGestionCobranza:P44499"]
2026-02-04 13:42:30;DELETE;[]
2026-02-04 13:42:30;ADD;["cuGestionCobranza:E84497","cuGestionCobranza:E34047","cuGestionCobranza:G68783","cuGestionCobranza:M31018","cuGestionCobranza:Q05070","cuGestionCobranza:H53984"]
2026-02-04 13:42:30;DELETE;[]
2026-02-04 13:42:31;ADD;["cuGestionCobranza:486392","cuGestionCobranza:E81082","cuGestionCobranza:O57177","cuGestionCobranza:P98506","cuGestionCobranza:734065","cuGestionCobranza:A28583","cuGestionCobranza:M68286"]
2026-02-04 13:42:31;DELETE;[]
2026-02-04 13:42:31;ADD;["cuGestionCobranza:M31202","cuGestionCobranza:O79151","cuGestionCobranza:P99623","cuGestionCobranza:P25686","cuGestionCobranza:449106","cuGestionCobranza:N07819","cuGestionCobranza:N76492","cuGestionCobranza:K60973","cuGestionCobranza:Q45748"]
2026-02-04 13:42:31;DELETE;[]
2026-02-04 13:42:31;ADD;["cuGestionCobranza:L33444","cuGestionCobranza:O42710","cuGestionCobranza:M05813","cuGestionCobranza:O13147","cuGestionCobranza:I16169","cuGestionCobranza:O16449","cuGestionCobranza:A86279","cuGestionCobranza:L58186"]
2026-02-04 13:42:31;DELETE;[]
2026-02-04 13:42:31;ADD;["cuGestionCobranza:N35431","cuGestionCobranza:971148","cuGestionCobranza:H42900","cuGestionCobranza:G53398","cuGestionCobranza:M56100","cuGestionCobranza:I88589","cuGestionCobranza:O43877"]
2026-02-04 13:42:31;DELETE;[]
2026-02-04 13:42:31;ADD;["cuGestionCobranza:F94701","cuGestionCobranza:K29037","cuGestionCobranza:P63687","cuGestionCobranza:P37301","cuGestionCobranza:A71945","cuGestionCobranza:N15379"]
2026-02-04 13:42:31;DELETE;[]
2026-02-04 13:43:27;ADD;["cuGestionCobranza:P45190"]
2026-02-04 13:43:27;DELETE;[]
2026-02-04 13:43:27;ADD;["cuGestionCobranza:O48668"]
2026-02-04 13:43:27;DELETE;[]
2026-02-04 13:43:27;ADD;["cuGestionCobranza:P45190"]
2026-02-04 13:43:27;DELETE;[]
2026-02-04 13:43:27;ADD;["cuGestionCobranza:C13427","cuGestionCobranza:F82675"]
2026-02-04 13:43:27;DELETE;[]
2026-02-04 13:43:27;ADD;["cuGestionCobranza:N52232","cuGestionCobranza:P72607"]
2026-02-04 13:43:27;DELETE;[]
2026-02-04 13:43:27;ADD;["cuGestionCobranza:P49772"]
2026-02-04 13:43:27;DELETE;[]
2026-02-04 13:43:27;ADD;["cuGestionCobranza:P72721","cuGestionCobranza:M35669"]
2026-02-04 13:43:27;DELETE;[]
2026-02-04 13:44:57;ADD;["cuGestionCobranza:H53626"]
2026-02-04 13:44:57;DELETE;[]
2026-02-04 13:44:57;ADD;["cuGestionCobranza:P77211"]
2026-02-04 13:44:57;DELETE;[]
2026-02-04 13:45:27;ADD;["cuGestionCobranza:H37304"]
2026-02-04 13:45:27;DELETE;[]
2026-02-04 13:45:27;ADD;["cuGestionCobranza:J10841"]
2026-02-04 13:45:27;DELETE;[]
2026-02-04 13:45:27;ADD;["cuGestionCobranza:H88528","cuGestionCobranza:N08074"]
2026-02-04 13:45:27;DELETE;[]
2026-02-04 13:45:27;ADD;["cuGestionCobranza:Q55756","cuGestionCobranza:Q21168"]
2026-02-04 13:45:27;DELETE;[]
2026-02-04 13:46:57;ADD;["cuGestionCobranza:F74125"]
2026-02-04 13:46:57;DELETE;[]
2026-02-04 13:46:57;ADD;["cuGestionCobranza:N56042","cuGestionCobranza:971710"]
2026-02-04 13:46:57;DELETE;[]
2026-02-04 13:46:57;ADD;["cuGestionCobranza:F31298"]
2026-02-04 13:46:57;DELETE;[]
2026-02-04 13:46:57;ADD;["cuGestionCobranza:J79769"]
2026-02-04 13:46:57;DELETE;[]
2026-02-04 13:46:57;ADD;["cuGestionCobranza:947789"]
2026-02-04 13:46:57;DELETE;[]
2026-02-04 13:46:57;ADD;["cuGestionCobranza:O20967"]
2026-02-04 13:46:57;DELETE;[]
2026-02-04 13:46:57;ADD;["cuGestionCobranza:H29147"]
2026-02-04 13:46:57;DELETE;[]
2026-02-04 13:46:57;ADD;["cuGestionCobranza:Q63672"]
2026-02-04 13:46:57;DELETE;[]
2026-02-04 13:47:57;ADD;["cuGestionCobranza:I91468","cuGestionCobranza:M56991","cuGestionCobranza:N54501","cuGestionCobranza:J05346","cuGestionCobranza:M68305","cuGestionCobranza:I94174","cuGestionCobranza:L84117","cuGestionCobranza:O73321"]
2026-02-04 13:47:57;DELETE;[]
2026-02-04 13:47:57;ADD;["cuGestionCobranza:K88829","cuGestionCobranza:749996","cuGestionCobranza:L12777","cuGestionCobranza:P70859","cuGestionCobranza:F21749","cuGestionCobranza:N62675","cuGestionCobranza:O98737","cuGestionCobranza:O18948"]
2026-02-04 13:47:57;DELETE;[]
2026-02-04 13:47:57;ADD;["cuGestionCobranza:H16952","cuGestionCobranza:P90662","cuGestionCobranza:K55809","cuGestionCobranza:K70536","cuGestionCobranza:A26975","cuGestionCobranza:N12580","cuGestionCobranza:O78470","cuGestionCobranza:843102","cuGestionCobranza:M26584"]
2026-02-04 13:47:57;DELETE;[]
2026-02-04 13:47:58;ADD;["cuGestionCobranza:L99541","cuGestionCobranza:382196","cuGestionCobranza:823459","cuGestionCobranza:F37143","cuGestionCobranza:J15749","cuGestionCobranza:M81451","cuGestionCobranza:L14205","cuGestionCobranza:H35384"]
2026-02-04 13:47:58;DELETE;[]
2026-02-04 13:47:58;ADD;["cuGestionCobranza:801962","cuGestionCobranza:M33934","cuGestionCobranza:C95356","cuGestionCobranza:I21840","cuGestionCobranza:O57418","cuGestionCobranza:269400"]
2026-02-04 13:47:58;DELETE;[]
2026-02-04 13:47:58;ADD;["cuGestionCobranza:648895","cuGestionCobranza:O47234","cuGestionCobranza:M72076","cuGestionCobranza:E46610","cuGestionCobranza:005431","cuGestionCobranza:O91332","cuGestionCobranza:N16830","cuGestionCobranza:M91972","cuGestionCobranza:H66999","cuGestionCobranza:L80221"]
2026-02-04 13:47:58;DELETE;[]
2026-02-04 13:47:58;ADD;["cuGestionCobranza:989772","cuGestionCobranza:N62194","cuGestionCobranza:306684","cuGestionCobranza:J48404","cuGestionCobranza:L58338","cuGestionCobranza:G87597","cuGestionCobranza:904729","cuGestionCobranza:P11448"]
2026-02-04 13:47:58;DELETE;[]
2026-02-04 13:47:58;ADD;["cuGestionCobranza:864989","cuGestionCobranza:094147","cuGestionCobranza:E74423","cuGestionCobranza:G07413","cuGestionCobranza:J49861","cuGestionCobranza:K49600","cuGestionCobranza:Q47285","cuGestionCobranza:I20952","cuGestionCobranza:K92626","cuGestionCobranza:O24269"]
2026-02-04 13:47:58;DELETE;[]
2026-02-04 13:47:59;ADD;["cuGestionCobranza:L73631","cuGestionCobranza:C51818","cuGestionCobranza:M85449","cuGestionCobranza:F59230","cuGestionCobranza:777382","cuGestionCobranza:A75565","cuGestionCobranza:P40239","cuGestionCobranza:K09204","cuGestionCobranza:G19489"]
2026-02-04 13:47:59;DELETE;[]
2026-02-04 13:47:59;ADD;["cuGestionCobranza:H50667","cuGestionCobranza:A14650","cuGestionCobranza:C92336","cuGestionCobranza:A97062","cuGestionCobranza:K53149","cuGestionCobranza:P39052","cuGestionCobranza:853203","cuGestionCobranza:F79781"]
2026-02-04 13:47:59;DELETE;[]
2026-02-04 13:47:59;ADD;["cuGestionCobranza:N56209","cuGestionCobranza:M51424","cuGestionCobranza:L26578","cuGestionCobranza:Q14207","cuGestionCobranza:F87411","cuGestionCobranza:N81844","cuGestionCobranza:N97688","cuGestionCobranza:E81978"]
2026-02-04 13:47:59;DELETE;[]
2026-02-04 13:47:59;ADD;["cuGestionCobranza:P50828","cuGestionCobranza:E16142","cuGestionCobranza:918988","cuGestionCobranza:O68326","cuGestionCobranza:A51262","cuGestionCobranza:C91069","cuGestionCobranza:P73858","cuGestionCobranza:C91828","cuGestionCobranza:C45061"]
2026-02-04 13:47:59;DELETE;[]
2026-02-04 13:48:00;ADD;["cuGestionCobranza:Q24057","cuGestionCobranza:I54749","cuGestionCobranza:O36360","cuGestionCobranza:P20336","cuGestionCobranza:K51750","cuGestionCobranza:I42663","cuGestionCobranza:E66548","cuGestionCobranza:864988","cuGestionCobranza:N50068"]
2026-02-04 13:48:00;DELETE;[]
2026-02-04 13:48:00;ADD;["cuGestionCobranza:N83038","cuGestionCobranza:A14424","cuGestionCobranza:M43113","cuGestionCobranza:M72349","cuGestionCobranza:115537","cuGestionCobranza:M05816","cuGestionCobranza:K20476","cuGestionCobranza:J82439"]
2026-02-04 13:48:00;DELETE;[]
2026-02-04 13:48:00;ADD;["cuGestionCobranza:446334","cuGestionCobranza:903082","cuGestionCobranza:Q39618","cuGestionCobranza:O06691"]
2026-02-04 13:48:00;DELETE;[]
2026-02-04 13:48:00;ADD;["cuGestionCobranza:N53464","cuGestionCobranza:M79262"]
2026-02-04 13:48:00;DELETE;[]
2026-02-04 13:48:27;ADD;["cuGestionCobranza:Q33893","cuGestionCobranza:F60539","cuGestionCobranza:L58338","cuGestionCobranza:Q31979"]
2026-02-04 13:48:27;DELETE;[]
2026-02-04 13:48:27;ADD;["cuGestionCobranza:O99702"]
2026-02-04 13:48:27;DELETE;[]
2026-02-04 13:48:27;ADD;["cuGestionCobranza:291513","cuGestionCobranza:I80548"]
2026-02-04 13:48:27;DELETE;[]
2026-02-04 13:48:27;ADD;["cuGestionCobranza:F60487"]
2026-02-04 13:48:27;DELETE;[]
2026-02-04 13:48:27;ADD;["cuGestionCobranza:J50890"]
2026-02-04 13:48:27;DELETE;[]
2026-02-04 13:48:27;ADD;["cuGestionCobranza:R14088"]
2026-02-04 13:48:27;DELETE;[]
2026-02-04 13:48:27;ADD;["cuGestionCobranza:O73641"]
2026-02-04 13:48:27;DELETE;[]
2026-02-04 13:49:57;ADD;["cuGestionCobranza:L90004","cuGestionCobranza:Q83931"]
2026-02-04 13:49:57;DELETE;[]
2026-02-04 13:49:57;ADD;["cuGestionCobranza:E06525"]
2026-02-04 13:49:57;DELETE;[]
2026-02-04 13:50:27;ADD;["cuGestionCobranza:M61779"]
2026-02-04 13:50:27;DELETE;[]
2026-02-04 13:50:27;ADD;["cuGestionCobranza:734546"]
2026-02-04 13:50:27;DELETE;[]
2026-02-04 13:50:27;ADD;["cuGestionCobranza:I13121"]
2026-02-04 13:50:27;DELETE;[]
2026-02-04 13:50:27;ADD;["cuGestionCobranza:H84549","cuGestionCobranza:734129","cuGestionCobranza:E70276"]
2026-02-04 13:50:27;DELETE;[]
2026-02-04 13:50:27;ADD;["cuGestionCobranza:H04602"]
2026-02-04 13:50:27;DELETE;[]
2026-02-04 13:51:57;ADD;["cuGestionCobranza:C39906"]
2026-02-04 13:51:57;DELETE;[]
2026-02-04 13:51:57;ADD;["cuGestionCobranza:J44639"]
2026-02-04 13:51:57;DELETE;[]
2026-02-04 13:51:57;ADD;["cuGestionCobranza:F27409"]
2026-02-04 13:51:57;DELETE;[]
2026-02-04 13:51:57;ADD;["cuGestionCobranza:G90229"]
2026-02-04 13:51:57;DELETE;[]
2026-02-04 13:52:27;ADD;["cuGestionCobranza:C53054"]
2026-02-04 13:52:27;DELETE;[]
2026-02-04 13:52:27;ADD;["cuGestionCobranza:O55341","cuGestionCobranza:A46484"]
2026-02-04 13:52:27;DELETE;[]
2026-02-04 13:52:27;ADD;["cuGestionCobranza:753782"]
2026-02-04 13:52:27;DELETE;[]
2026-02-04 13:52:27;ADD;["cuGestionCobranza:J16466"]
2026-02-04 13:52:27;DELETE;[]
2026-02-04 13:53:27;ADD;["cuGestionCobranza:L11373","cuGestionCobranza:G96611","cuGestionCobranza:M57467","cuGestionCobranza:580846","cuGestionCobranza:243887","cuGestionCobranza:Q14106","cuGestionCobranza:N88810","cuGestionCobranza:621752","cuGestionCobranza:P88345"]
2026-02-04 13:53:27;DELETE;[]
2026-02-04 13:53:27;ADD;["cuGestionCobranza:M24366","cuGestionCobranza:K65300","cuGestionCobranza:C50208","cuGestionCobranza:N84213","cuGestionCobranza:221899","cuGestionCobranza:H82149","cuGestionCobranza:N34257","cuGestionCobranza:700651","cuGestionCobranza:O69838","cuGestionCobranza:259035"]
2026-02-04 13:53:27;DELETE;[]
2026-02-04 13:53:27;ADD;["cuGestionCobranza:O79775","cuGestionCobranza:M47624","cuGestionCobranza:C97962","cuGestionCobranza:F73859","cuGestionCobranza:248602","cuGestionCobranza:541438","cuGestionCobranza:587719","cuGestionCobranza:P38669","cuGestionCobranza:M90600","cuGestionCobranza:J87086"]
2026-02-04 13:53:27;DELETE;[]
2026-02-04 13:53:28;ADD;["cuGestionCobranza:982441","cuGestionCobranza:G49421","cuGestionCobranza:A78651","cuGestionCobranza:G48397","cuGestionCobranza:N23553","cuGestionCobranza:G70850","cuGestionCobranza:915110","cuGestionCobranza:A94835","cuGestionCobranza:O04628"]
2026-02-04 13:53:28;DELETE;[]
2026-02-04 13:53:28;ADD;["cuGestionCobranza:M06189","cuGestionCobranza:P27366","cuGestionCobranza:N54410","cuGestionCobranza:L15346","cuGestionCobranza:P15766","cuGestionCobranza:I29028","cuGestionCobranza:O70562","cuGestionCobranza:O66006"]
2026-02-04 13:53:28;DELETE;[]
2026-02-04 13:53:28;ADD;["cuGestionCobranza:A37443","cuGestionCobranza:C43565","cuGestionCobranza:H54568","cuGestionCobranza:C31793","cuGestionCobranza:O46735","cuGestionCobranza:O44271","cuGestionCobranza:G06259","cuGestionCobranza:J38052"]
2026-02-04 13:53:28;DELETE;[]
2026-02-04 13:53:28;ADD;["cuGestionCobranza:M48629","cuGestionCobranza:O85601","cuGestionCobranza:N76061","cuGestionCobranza:C72739","cuGestionCobranza:E45487","cuGestionCobranza:P05325","cuGestionCobranza:O38276","cuGestionCobranza:C07013","cuGestionCobranza:E08179","cuGestionCobranza:M47122"]
2026-02-04 13:53:28;DELETE;[]
2026-02-04 13:53:28;ADD;["cuGestionCobranza:P78740","cuGestionCobranza:O77911","cuGestionCobranza:M89511","cuGestionCobranza:G43867","cuGestionCobranza:M74513","cuGestionCobranza:Q26666","cuGestionCobranza:204441"]
2026-02-04 13:53:28;DELETE;[]
2026-02-04 13:53:29;ADD;["cuGestionCobranza:L57199","cuGestionCobranza:O80938","cuGestionCobranza:A40129","cuGestionCobranza:Q24711","cuGestionCobranza:I39892","cuGestionCobranza:027014","cuGestionCobranza:M92225","cuGestionCobranza:G80572","cuGestionCobranza:Q37364"]
2026-02-04 13:53:29;DELETE;[]
2026-02-04 13:53:29;ADD;["cuGestionCobranza:G95883","cuGestionCobranza:K05101","cuGestionCobranza:O35229","cuGestionCobranza:A60717","cuGestionCobranza:Q08239","cuGestionCobranza:L98488","cuGestionCobranza:L02763","cuGestionCobranza:N41771","cuGestionCobranza:I53225"]
2026-02-04 13:53:29;DELETE;[]
2026-02-04 13:53:29;ADD;["cuGestionCobranza:G51948","cuGestionCobranza:P45511","cuGestionCobranza:M60752","cuGestionCobranza:M52092","cuGestionCobranza:K87334","cuGestionCobranza:E87346","cuGestionCobranza:G32786"]
2026-02-04 13:53:29;DELETE;[]
2026-02-04 13:53:29;ADD;["cuGestionCobranza:E02988","cuGestionCobranza:J46015","cuGestionCobranza:P14016","cuGestionCobranza:782209","cuGestionCobranza:P00179","cuGestionCobranza:G90371","cuGestionCobranza:N85982"]
2026-02-04 13:53:29;DELETE;[]
2026-02-04 13:53:29;ADD;["cuGestionCobranza:P49731","cuGestionCobranza:M88143","cuGestionCobranza:H54757","cuGestionCobranza:P47576","cuGestionCobranza:L77319","cuGestionCobranza:O62650","cuGestionCobranza:P14015"]
2026-02-04 13:53:29;DELETE;[]
2026-02-04 13:53:30;ADD;["cuGestionCobranza:P52113","cuGestionCobranza:A66388","cuGestionCobranza:L10210","cuGestionCobranza:N46010","cuGestionCobranza:C27312","cuGestionCobranza:O32294","cuGestionCobranza:N43923","cuGestionCobranza:C71992"]
2026-02-04 13:53:30;DELETE;[]
2026-02-04 13:53:30;ADD;["cuGestionCobranza:F69186","cuGestionCobranza:N33724","cuGestionCobranza:Q42809","cuGestionCobranza:I31200","cuGestionCobranza:P68287","cuGestionCobranza:K83404","cuGestionCobranza:N53339","cuGestionCobranza:F74203"]
2026-02-04 13:53:30;DELETE;[]
2026-02-04 13:53:30;ADD;["cuGestionCobranza:P56091","cuGestionCobranza:L65336","cuGestionCobranza:665633","cuGestionCobranza:K86520","cuGestionCobranza:J16191","cuGestionCobranza:097683"]
2026-02-04 13:53:30;DELETE;[]
2026-02-04 13:53:30;ADD;["cuGestionCobranza:A69677","cuGestionCobranza:M45237","cuGestionCobranza:015160","cuGestionCobranza:G95350","cuGestionCobranza:J17084","cuGestionCobranza:154708","cuGestionCobranza:648025"]
2026-02-04 13:53:30;DELETE;[]
2026-02-04 13:53:30;ADD;["cuGestionCobranza:P34985","cuGestionCobranza:167293","cuGestionCobranza:945519","cuGestionCobranza:O70369","cuGestionCobranza:K65436","cuGestionCobranza:642638"]
2026-02-04 13:53:30;DELETE;[]
2026-02-04 13:53:30;ADD;["cuGestionCobranza:289473","cuGestionCobranza:N14478","cuGestionCobranza:M40141","cuGestionCobranza:N29558","cuGestionCobranza:J59965","cuGestionCobranza:A86465","cuGestionCobranza:E03902"]
2026-02-04 13:53:30;DELETE;[]
2026-02-04 13:53:31;ADD;["cuGestionCobranza:O21676","cuGestionCobranza:Q53278","cuGestionCobranza:N31430","cuGestionCobranza:O84144","cuGestionCobranza:057474","cuGestionCobranza:I28638","cuGestionCobranza:M22038"]
2026-02-04 13:53:31;DELETE;[]
2026-02-04 13:53:31;ADD;["cuGestionCobranza:964565","cuGestionCobranza:M85867","cuGestionCobranza:353392","cuGestionCobranza:012888","cuGestionCobranza:G04798","cuGestionCobranza:H35293","cuGestionCobranza:O03246","cuGestionCobranza:O49892"]
2026-02-04 13:53:31;DELETE;[]
2026-02-04 13:53:31;ADD;["cuGestionCobranza:L03203","cuGestionCobranza:708926","cuGestionCobranza:O77365","cuGestionCobranza:M27359"]
2026-02-04 13:53:31;DELETE;[]
2026-02-04 13:53:31;ADD;["cuGestionCobranza:P46152","cuGestionCobranza:K70895","cuGestionCobranza:477423","cuGestionCobranza:H63706","cuGestionCobranza:L09043"]
2026-02-04 13:53:31;DELETE;[]
2026-02-04 13:53:31;ADD;["cuGestionCobranza:O47577","cuGestionCobranza:N28412","cuGestionCobranza:P03292","cuGestionCobranza:L69487","cuGestionCobranza:G52534"]
2026-02-04 13:53:31;DELETE;[]
2026-02-04 13:53:31;ADD;["cuGestionCobranza:917563","cuGestionCobranza:M84843","cuGestionCobranza:N87968","cuGestionCobranza:641567","cuGestionCobranza:L11578"]
2026-02-04 13:53:31;DELETE;[]
2026-02-04 13:53:31;ADD;["cuGestionCobranza:P82069","cuGestionCobranza:434276","cuGestionCobranza:P82538","cuGestionCobranza:L89725","cuGestionCobranza:Q54300","cuGestionCobranza:443190","cuGestionCobranza:M07131"]
2026-02-04 13:53:31;DELETE;[]
2026-02-04 13:53:32;ADD;["cuGestionCobranza:O45991","cuGestionCobranza:L00965","cuGestionCobranza:524340","cuGestionCobranza:N47909","cuGestionCobranza:315923","cuGestionCobranza:O89013","cuGestionCobranza:G42047"]
2026-02-04 13:53:32;DELETE;[]
2026-02-04 13:53:32;ADD;["cuGestionCobranza:K65461","cuGestionCobranza:836176","cuGestionCobranza:H34477","cuGestionCobranza:O21807"]
2026-02-04 13:53:32;DELETE;[]
2026-02-04 13:53:57;ADD;["cuGestionCobranza:I58822","cuGestionCobranza:H96862"]
2026-02-04 13:53:57;DELETE;[]
2026-02-04 13:53:57;ADD;["cuGestionCobranza:Q10838","cuGestionCobranza:O88977","cuGestionCobranza:P11283","cuGestionCobranza:P84015"]
2026-02-04 13:53:57;DELETE;[]
2026-02-04 13:53:57;ADD;["cuGestionCobranza:H33245","cuGestionCobranza:L10143"]
2026-02-04 13:53:57;DELETE;[]
2026-02-04 13:54:27;ADD;["cuGestionCobranza:N28629"]
2026-02-04 13:54:27;DELETE;[]
2026-02-04 13:55:27;ADD;["cuGestionCobranza:C62057"]
2026-02-04 13:55:27;DELETE;[]
2026-02-04 13:55:27;ADD;["cuGestionCobranza:O99237","cuGestionCobranza:J61458"]
2026-02-04 13:55:27;DELETE;[]
2026-02-04 13:55:27;ADD;["cuGestionCobranza:J19736"]
2026-02-04 13:55:27;DELETE;[]
2026-02-04 13:55:27;ADD;["cuGestionCobranza:L59783"]
2026-02-04 13:55:27;DELETE;[]
2026-02-04 13:55:27;ADD;["cuGestionCobranza:M90109"]
2026-02-04 13:55:27;DELETE;[]
2026-02-04 13:55:27;ADD;["cuGestionCobranza:J79025","cuGestionCobranza:K10563"]
2026-02-04 13:55:27;DELETE;[]
2026-02-04 13:55:27;ADD;["cuGestionCobranza:N92888"]
2026-02-04 13:55:27;DELETE;[]
2026-02-04 13:56:57;ADD;["cuGestionCobranza:N62664","cuGestionCobranza:C20662"]
2026-02-04 13:56:57;DELETE;[]
2026-02-04 13:56:57;ADD;["cuGestionCobranza:M95623"]
2026-02-04 13:56:57;DELETE;[]
2026-02-04 13:56:57;ADD;["cuGestionCobranza:J79756"]
2026-02-04 13:56:57;DELETE;[]
2026-02-04 13:58:27;ADD;["cuGestionCobranza:G52719"]
2026-02-04 13:58:27;DELETE;[]
2026-02-04 13:58:27;ADD;["cuGestionCobranza:F36029"]
2026-02-04 13:58:27;DELETE;[]
2026-02-04 13:58:27;ADD;["cuGestionCobranza:I36507"]
2026-02-04 13:58:27;DELETE;[]
2026-02-04 13:58:57;ADD;["cuGestionCobranza:P15592","cuGestionCobranza:I45641","cuGestionCobranza:N95856","cuGestionCobranza:N55600","cuGestionCobranza:O80939"]
2026-02-04 13:58:57;DELETE;[]
2026-02-04 13:58:57;ADD;["cuGestionCobranza:H34479","cuGestionCobranza:E14886","cuGestionCobranza:K33943","cuGestionCobranza:196954","cuGestionCobranza:L26082","cuGestionCobranza:F48482"]
2026-02-04 13:58:57;DELETE;[]
2026-02-04 13:58:57;ADD;["cuGestionCobranza:448895","cuGestionCobranza:E59351","cuGestionCobranza:233075","cuGestionCobranza:P30608","cuGestionCobranza:K59262"]
2026-02-04 13:58:57;DELETE;[]
2026-02-04 13:58:57;ADD;["cuGestionCobranza:782237","cuGestionCobranza:P05878","cuGestionCobranza:L90866","cuGestionCobranza:317957","cuGestionCobranza:F84495","cuGestionCobranza:M83317","cuGestionCobranza:P41714","cuGestionCobranza:324873","cuGestionCobranza:H70712"]
2026-02-04 13:58:57;DELETE;[]
2026-02-04 13:58:58;ADD;["cuGestionCobranza:O46985","cuGestionCobranza:E16955","cuGestionCobranza:O17360","cuGestionCobranza:G91927","cuGestionCobranza:N47199","cuGestionCobranza:A90630","cuGestionCobranza:O12324","cuGestionCobranza:Q56183"]
2026-02-04 13:58:58;DELETE;[]
2026-02-04 13:58:58;ADD;["cuGestionCobranza:M62131","cuGestionCobranza:H38200","cuGestionCobranza:N34122","cuGestionCobranza:N94826","cuGestionCobranza:O88097","cuGestionCobranza:O61255","cuGestionCobranza:J25361"]
2026-02-04 13:58:58;DELETE;[]
2026-02-04 13:58:58;ADD;["cuGestionCobranza:P14297","cuGestionCobranza:N37567","cuGestionCobranza:M87870","cuGestionCobranza:O56067","cuGestionCobranza:658134","cuGestionCobranza:G68116"]
2026-02-04 13:58:58;DELETE;[]
2026-02-04 13:58:58;ADD;["cuGestionCobranza:M63400","cuGestionCobranza:N94663","cuGestionCobranza:N64286","cuGestionCobranza:L14293","cuGestionCobranza:934040"]
2026-02-04 13:58:58;DELETE;[]
2026-02-04 13:58:58;ADD;["cuGestionCobranza:O09260","cuGestionCobranza:H11489","cuGestionCobranza:K98360","cuGestionCobranza:O39173","cuGestionCobranza:M80939","cuGestionCobranza:J96834"]
2026-02-04 13:58:58;DELETE;[]
2026-02-04 13:58:58;ADD;["cuGestionCobranza:M16068","cuGestionCobranza:I26603"]
2026-02-04 13:58:58;DELETE;[]
2026-02-04 13:58:59;ADD;["cuGestionCobranza:L24117","cuGestionCobranza:O21016","cuGestionCobranza:C88318","cuGestionCobranza:975900","cuGestionCobranza:Q50782","cuGestionCobranza:J62252"]
2026-02-04 13:58:59;DELETE;[]
2026-02-04 13:58:59;ADD;["cuGestionCobranza:935257","cuGestionCobranza:782231","cuGestionCobranza:P34528","cuGestionCobranza:M31285","cuGestionCobranza:M87921"]
2026-02-04 13:58:59;DELETE;[]
2026-02-04 13:58:59;ADD;["cuGestionCobranza:M46912","cuGestionCobranza:G79094","cuGestionCobranza:L91783","cuGestionCobranza:K68995","cuGestionCobranza:O29819","cuGestionCobranza:C77319","cuGestionCobranza:P23044"]
2026-02-04 13:58:59;DELETE;[]
2026-02-04 13:58:59;ADD;["cuGestionCobranza:J88294","cuGestionCobranza:J10746","cuGestionCobranza:399459"]
2026-02-04 13:58:59;DELETE;[]
2026-02-04 13:58:59;ADD;["cuGestionCobranza:M26510","cuGestionCobranza:G73755","cuGestionCobranza:L12124","cuGestionCobranza:O53037"]
2026-02-04 13:58:59;DELETE;[]
2026-02-04 13:58:59;ADD;["cuGestionCobranza:E97939","cuGestionCobranza:621676","cuGestionCobranza:L80230","cuGestionCobranza:L78984","cuGestionCobranza:N37563","cuGestionCobranza:G55344"]
2026-02-04 13:58:59;DELETE;[]
2026-02-04 13:58:59;ADD;["cuGestionCobranza:K60617","cuGestionCobranza:F75781","cuGestionCobranza:N27679","cuGestionCobranza:896884","cuGestionCobranza:Q36587","cuGestionCobranza:O72377","cuGestionCobranza:P02296"]
2026-02-04 13:58:59;DELETE;[]
2026-02-04 13:59:00;ADD;["cuGestionCobranza:L80067","cuGestionCobranza:627705","cuGestionCobranza:813286","cuGestionCobranza:N33726"]
2026-02-04 13:59:00;DELETE;[]
2026-02-04 13:59:00;ADD;["cuGestionCobranza:N72457","cuGestionCobranza:989203","cuGestionCobranza:L53621","cuGestionCobranza:L03432","cuGestionCobranza:K71449","cuGestionCobranza:N44088"]
2026-02-04 13:59:00;DELETE;[]
2026-02-04 13:59:00;ADD;["cuGestionCobranza:366366","cuGestionCobranza:607677","cuGestionCobranza:K09353","cuGestionCobranza:F59504"]
2026-02-04 13:59:00;DELETE;[]
2026-02-04 13:59:00;ADD;["cuGestionCobranza:K74233","cuGestionCobranza:328701","cuGestionCobranza:Q13079","cuGestionCobranza:A49824"]
2026-02-04 13:59:00;DELETE;[]
2026-02-04 13:59:00;ADD;["cuGestionCobranza:F19428","cuGestionCobranza:C64020","cuGestionCobranza:N42625","cuGestionCobranza:G46525","cuGestionCobranza:N60982","cuGestionCobranza:N55055"]
2026-02-04 13:59:00;DELETE;[]
2026-02-04 13:59:00;ADD;["cuGestionCobranza:G30881","cuGestionCobranza:M90883","cuGestionCobranza:E86476","cuGestionCobranza:G26181","cuGestionCobranza:F74132","cuGestionCobranza:O58480"]
2026-02-04 13:59:00;DELETE;[]
2026-02-04 13:59:00;ADD;["cuGestionCobranza:J18001","cuGestionCobranza:469836","cuGestionCobranza:J86568","cuGestionCobranza:O20725","cuGestionCobranza:O78117"]
2026-02-04 13:59:00;DELETE;[]
2026-02-04 13:59:57;ADD;["cuGestionCobranza:H15272"]
2026-02-04 13:59:57;DELETE;[]
2026-02-04 14:00:27;ADD;["cuGestionCobranza:K31996"]
2026-02-04 14:00:27;DELETE;[]
2026-02-04 14:00:27;ADD;["cuGestionCobranza:F72757"]
2026-02-04 14:00:27;DELETE;[]
2026-02-04 14:00:27;ADD;["cuGestionCobranza:H36243"]
2026-02-04 14:00:27;DELETE;[]
2026-02-04 14:00:27;ADD;["cuGestionCobranza:O03731"]
2026-02-04 14:00:27;DELETE;[]
2026-02-04 14:00:27;ADD;["cuGestionCobranza:G19117"]
2026-02-04 14:00:27;DELETE;[]
2026-02-04 14:00:27;ADD;["cuGestionCobranza:L19549"]
2026-02-04 14:00:27;DELETE;[]
2026-02-04 14:00:27;ADD;["cuGestionCobranza:Q04847","cuGestionCobranza:M96097"]
2026-02-04 14:00:27;DELETE;[]
2026-02-04 14:02:27;ADD;["cuGestionCobranza:783790","cuGestionCobranza:J44609"]
2026-02-04 14:02:27;DELETE;[]
2026-02-04 14:02:27;ADD;["cuGestionCobranza:K56970"]
2026-02-04 14:02:27;DELETE;[]
2026-02-04 14:02:27;ADD;["cuGestionCobranza:O55841"]
2026-02-04 14:02:27;DELETE;[]
2026-02-04 14:04:27;ADD;["cuGestionCobranza:M24121","cuGestionCobranza:O38280","cuGestionCobranza:Q47431","cuGestionCobranza:P30128","cuGestionCobranza:J01272","cuGestionCobranza:L97495"]
2026-02-04 14:04:27;DELETE;[]
2026-02-04 14:04:27;ADD;["cuGestionCobranza:L11604","cuGestionCobranza:K98911","cuGestionCobranza:M89771","cuGestionCobranza:J22339","cuGestionCobranza:O21088","cuGestionCobranza:N86740","cuGestionCobranza:Q16900"]
2026-02-04 14:04:27;DELETE;[]
2026-02-04 14:04:27;ADD;["cuGestionCobranza:M82296","cuGestionCobranza:668043","cuGestionCobranza:G57308","cuGestionCobranza:J76900","cuGestionCobranza:O81026","cuGestionCobranza:Q23894","cuGestionCobranza:P45620","cuGestionCobranza:L12147"]
2026-02-04 14:04:27;DELETE;[]
2026-02-04 14:04:28;ADD;["cuGestionCobranza:179876","cuGestionCobranza:873934","cuGestionCobranza:P64627","cuGestionCobranza:E66555","cuGestionCobranza:K80633","cuGestionCobranza:A65631","cuGestionCobranza:P25689"]
2026-02-04 14:04:28;DELETE;[]
2026-02-04 14:04:28;ADD;["cuGestionCobranza:830659","cuGestionCobranza:N29465","cuGestionCobranza:M62879","cuGestionCobranza:I07696","cuGestionCobranza:P20435","cuGestionCobranza:J25926","cuGestionCobranza:J96846","cuGestionCobranza:M82729"]
2026-02-04 14:04:28;DELETE;[]
2026-02-04 14:04:28;ADD;["cuGestionCobranza:M48208","cuGestionCobranza:H38348","cuGestionCobranza:F49174","cuGestionCobranza:O32743","cuGestionCobranza:M01322","cuGestionCobranza:O80241","cuGestionCobranza:A53624"]
2026-02-04 14:04:28;DELETE;[]
2026-02-04 14:04:28;ADD;["cuGestionCobranza:C36244","cuGestionCobranza:E53883","cuGestionCobranza:P53310","cuGestionCobranza:O45899","cuGestionCobranza:E08812","cuGestionCobranza:P21011","cuGestionCobranza:P68520","cuGestionCobranza:857142","cuGestionCobranza:G64471"]
2026-02-04 14:04:28;DELETE;[]
2026-02-04 14:04:28;ADD;["cuGestionCobranza:L97873","cuGestionCobranza:O32883","cuGestionCobranza:H70266","cuGestionCobranza:M19091","cuGestionCobranza:E79365","cuGestionCobranza:P03582","cuGestionCobranza:E91858","cuGestionCobranza:F14011","cuGestionCobranza:L11609"]
2026-02-04 14:04:28;DELETE;[]
2026-02-04 14:04:28;ADD;["cuGestionCobranza:A06407","cuGestionCobranza:O29219","cuGestionCobranza:O15459","cuGestionCobranza:N10156"]
2026-02-04 14:04:28;DELETE;[]
2026-02-04 14:04:29;ADD;["cuGestionCobranza:N01264","cuGestionCobranza:P99626","cuGestionCobranza:H17880","cuGestionCobranza:K99614","cuGestionCobranza:695105","cuGestionCobranza:M32904","cuGestionCobranza:N03044","cuGestionCobranza:O63105"]
2026-02-04 14:04:29;DELETE;[]
2026-02-04 14:04:29;ADD;["cuGestionCobranza:876964","cuGestionCobranza:O83046","cuGestionCobranza:P23860","cuGestionCobranza:283475","cuGestionCobranza:P15625","cuGestionCobranza:P19646","cuGestionCobranza:965522","cuGestionCobranza:L21331"]
2026-02-04 14:04:29;DELETE;[]
2026-02-04 14:04:29;ADD;["cuGestionCobranza:C96523","cuGestionCobranza:O64901","cuGestionCobranza:Q03543","cuGestionCobranza:L64896","cuGestionCobranza:I28557","cuGestionCobranza:885370","cuGestionCobranza:P70446","cuGestionCobranza:N96472","cuGestionCobranza:O45933"]
2026-02-04 14:04:29;DELETE;[]
2026-02-04 14:04:29;ADD;["cuGestionCobranza:825545","cuGestionCobranza:A73353","cuGestionCobranza:K79238","cuGestionCobranza:M89075","cuGestionCobranza:O34624","cuGestionCobranza:P11150","cuGestionCobranza:F86606"]
2026-02-04 14:04:29;DELETE;[]
2026-02-04 14:04:29;ADD;["cuGestionCobranza:M30779","cuGestionCobranza:O59251","cuGestionCobranza:P12972","cuGestionCobranza:C86730","cuGestionCobranza:223191","cuGestionCobranza:N90142","cuGestionCobranza:O57968"]
2026-02-04 14:04:29;DELETE;[]
2026-02-04 14:04:30;ADD;["cuGestionCobranza:793006","cuGestionCobranza:H14962","cuGestionCobranza:L10669","cuGestionCobranza:L36068","cuGestionCobranza:126198","cuGestionCobranza:H00267","cuGestionCobranza:N14673","cuGestionCobranza:N79084"]
2026-02-04 14:04:30;DELETE;[]
2026-02-04 14:04:30;ADD;["cuGestionCobranza:A29412","cuGestionCobranza:Q10993","cuGestionCobranza:Q45790","cuGestionCobranza:Q17359","cuGestionCobranza:N80361","cuGestionCobranza:O09129"]
2026-02-04 14:04:30;DELETE;[]
2026-02-04 14:04:30;ADD;["cuGestionCobranza:989979","cuGestionCobranza:K95165","cuGestionCobranza:N20599","cuGestionCobranza:O81059","cuGestionCobranza:O91389","cuGestionCobranza:M89933","cuGestionCobranza:F87376","cuGestionCobranza:G06260","cuGestionCobranza:G21937"]
2026-02-04 14:04:30;DELETE;[]
2026-02-04 14:04:30;ADD;["cuGestionCobranza:O03816","cuGestionCobranza:P22689","cuGestionCobranza:J84311","cuGestionCobranza:K52579","cuGestionCobranza:038390","cuGestionCobranza:Q08048"]
2026-02-04 14:04:30;DELETE;[]
2026-02-04 14:04:30;ADD;["cuGestionCobranza:G15249","cuGestionCobranza:H62667","cuGestionCobranza:J95400","cuGestionCobranza:P79349"]
2026-02-04 14:04:30;DELETE;[]
2026-02-04 14:04:30;ADD;["cuGestionCobranza:M25599","cuGestionCobranza:G98283","cuGestionCobranza:C96464","cuGestionCobranza:484856","cuGestionCobranza:911658","cuGestionCobranza:O93201","cuGestionCobranza:L54937","cuGestionCobranza:A97101"]
2026-02-04 14:04:30;DELETE;[]
2026-02-04 14:04:31;ADD;["cuGestionCobranza:L66907","cuGestionCobranza:N20381","cuGestionCobranza:900512","cuGestionCobranza:O39540","cuGestionCobranza:L06738","cuGestionCobranza:L02790","cuGestionCobranza:O76793"]
2026-02-04 14:04:31;DELETE;[]
2026-02-04 14:04:31;ADD;["cuGestionCobranza:N59512","cuGestionCobranza:J42912","cuGestionCobranza:N29636","cuGestionCobranza:M29408","cuGestionCobranza:O44287","cuGestionCobranza:Q37406","cuGestionCobranza:P03939","cuGestionCobranza:Q14827"]
2026-02-04 14:04:31;DELETE;[]
2026-02-04 14:04:31;ADD;["cuGestionCobranza:O23637","cuGestionCobranza:P71953"]
2026-02-04 14:04:31;DELETE;[]
2026-02-04 14:04:31;ADD;["cuGestionCobranza:321609"]
2026-02-04 14:04:31;DELETE;[]
2026-02-04 14:05:57;ADD;["cuGestionCobranza:H09106"]
2026-02-04 14:05:57;DELETE;[]
2026-02-04 14:06:27;ADD;["cuGestionCobranza:O45380"]
2026-02-04 14:06:27;DELETE;[]
2026-02-04 14:07:57;ADD;["cuGestionCobranza:765402","cuGestionCobranza:P59869","cuGestionCobranza:R01384"]
2026-02-04 14:07:57;DELETE;[]
2026-02-04 14:07:57;ADD;["cuGestionCobranza:N37416"]
2026-02-04 14:07:57;DELETE;[]
2026-02-04 14:07:57;ADD;["cuGestionCobranza:707244"]
2026-02-04 14:07:57;DELETE;[]
2026-02-04 14:08:27;ADD;["cuGestionCobranza:F91586"]
2026-02-04 14:08:27;DELETE;[]
2026-02-04 14:08:27;ADD;["cuGestionCobranza:Q88857"]
2026-02-04 14:08:27;DELETE;[]
2026-02-04 14:09:57;ADD;["cuGestionCobranza:426497","cuGestionCobranza:G77308","cuGestionCobranza:O31328","cuGestionCobranza:F83173","cuGestionCobranza:K71605","cuGestionCobranza:P58496"]
2026-02-04 14:09:57;DELETE;[]
2026-02-04 14:09:57;ADD;["cuGestionCobranza:Q10236","cuGestionCobranza:N71300","cuGestionCobranza:P83743"]
2026-02-04 14:09:57;DELETE;[]
2026-02-04 14:09:57;ADD;["cuGestionCobranza:895289","cuGestionCobranza:I02216","cuGestionCobranza:O83157","cuGestionCobranza:A73498","cuGestionCobranza:Q01412","cuGestionCobranza:N62242","cuGestionCobranza:L94915","cuGestionCobranza:711832"]
2026-02-04 14:09:57;DELETE;[]
2026-02-04 14:09:58;ADD;["cuGestionCobranza:L85258","cuGestionCobranza:L19588","cuGestionCobranza:N64130","cuGestionCobranza:G41547","cuGestionCobranza:N05248","cuGestionCobranza:G23918","cuGestionCobranza:P23768"]
2026-02-04 14:09:58;DELETE;[]
2026-02-04 14:09:58;ADD;["cuGestionCobranza:M51273","cuGestionCobranza:862134","cuGestionCobranza:L55777","cuGestionCobranza:J65616"]
2026-02-04 14:09:58;DELETE;[]
2026-02-04 14:09:58;ADD;["cuGestionCobranza:K91550","cuGestionCobranza:465376","cuGestionCobranza:P01952","cuGestionCobranza:O68900","cuGestionCobranza:P79721","cuGestionCobranza:981581","cuGestionCobranza:315127"]
2026-02-04 14:09:58;DELETE;[]
2026-02-04 14:09:58;ADD;["cuGestionCobranza:890726","cuGestionCobranza:030496","cuGestionCobranza:H37686","cuGestionCobranza:Q50491","cuGestionCobranza:747229","cuGestionCobranza:872978","cuGestionCobranza:P39551","cuGestionCobranza:P16003"]
2026-02-04 14:09:58;DELETE;[]
2026-02-04 14:09:58;ADD;["cuGestionCobranza:724670","cuGestionCobranza:512673","cuGestionCobranza:832362","cuGestionCobranza:663171","cuGestionCobranza:K27511","cuGestionCobranza:K22510","cuGestionCobranza:F62041","cuGestionCobranza:027648"]
2026-02-04 14:09:58;DELETE;[]
2026-02-04 14:09:59;ADD;["cuGestionCobranza:N40293","cuGestionCobranza:G40555","cuGestionCobranza:G17776","cuGestionCobranza:F36799","cuGestionCobranza:G61955","cuGestionCobranza:O83676","cuGestionCobranza:509691","cuGestionCobranza:O71990"]
2026-02-04 14:09:59;DELETE;[]
2026-02-04 14:09:59;ADD;["cuGestionCobranza:M04919","cuGestionCobranza:F82834","cuGestionCobranza:L71209","cuGestionCobranza:Q32989","cuGestionCobranza:173550","cuGestionCobranza:H43584"]
2026-02-04 14:09:59;DELETE;[]
2026-02-04 14:09:59;ADD;["cuGestionCobranza:687544","cuGestionCobranza:N05595","cuGestionCobranza:958294","cuGestionCobranza:J20172","cuGestionCobranza:H55341","cuGestionCobranza:640756"]
2026-02-04 14:09:59;DELETE;[]
2026-02-04 14:09:59;ADD;["cuGestionCobranza:255447","cuGestionCobranza:024456","cuGestionCobranza:L24908","cuGestionCobranza:962564","cuGestionCobranza:K99142","cuGestionCobranza:N57352"]
2026-02-04 14:09:59;DELETE;[]
2026-02-04 14:09:59;ADD;["cuGestionCobranza:P68879","cuGestionCobranza:M40161","cuGestionCobranza:G85316","cuGestionCobranza:N57872","cuGestionCobranza:P13591","cuGestionCobranza:E25083","cuGestionCobranza:471506"]
2026-02-04 14:09:59;DELETE;[]
2026-02-04 14:09:59;ADD;["cuGestionCobranza:O76722","cuGestionCobranza:277219","cuGestionCobranza:514750","cuGestionCobranza:E74382","cuGestionCobranza:L11167","cuGestionCobranza:K79060","cuGestionCobranza:L87961"]
2026-02-04 14:09:59;DELETE;[]
2026-02-04 14:09:59;ADD;["cuGestionCobranza:O14232","cuGestionCobranza:249283","cuGestionCobranza:O45048","cuGestionCobranza:N52753","cuGestionCobranza:H31437"]
2026-02-04 14:09:59;DELETE;[]
2026-02-04 14:10:00;ADD;["cuGestionCobranza:L91480","cuGestionCobranza:O80945","cuGestionCobranza:M65821","cuGestionCobranza:P15701","cuGestionCobranza:N25837","cuGestionCobranza:M71311","cuGestionCobranza:P75645","cuGestionCobranza:H19525"]
2026-02-04 14:10:00;DELETE;[]
2026-02-04 14:10:00;ADD;["cuGestionCobranza:N16066","cuGestionCobranza:796463","cuGestionCobranza:N53415","cuGestionCobranza:P66093","cuGestionCobranza:M02377","cuGestionCobranza:978708","cuGestionCobranza:A67562","cuGestionCobranza:730737","cuGestionCobranza:825866"]
2026-02-04 14:10:00;DELETE;[]
2026-02-04 14:10:00;ADD;["cuGestionCobranza:P76402","cuGestionCobranza:636788","cuGestionCobranza:O46342","cuGestionCobranza:J03530","cuGestionCobranza:P29240","cuGestionCobranza:N61063","cuGestionCobranza:903790"]
2026-02-04 14:10:00;DELETE;[]
2026-02-04 14:10:00;ADD;["cuGestionCobranza:482942","cuGestionCobranza:682437","cuGestionCobranza:P01261","cuGestionCobranza:O74386","cuGestionCobranza:F11109"]
2026-02-04 14:10:00;DELETE;[]
2026-02-04 14:10:00;ADD;["cuGestionCobranza:980357","cuGestionCobranza:N38589","cuGestionCobranza:N69038","cuGestionCobranza:K92728","cuGestionCobranza:015788","cuGestionCobranza:O18783","cuGestionCobranza:M70398","cuGestionCobranza:Q05305","cuGestionCobranza:J16444"]
2026-02-04 14:10:00;DELETE;[]
2026-02-04 14:10:01;ADD;["cuGestionCobranza:985454","cuGestionCobranza:889550","cuGestionCobranza:L16039","cuGestionCobranza:O68554","cuGestionCobranza:Q34514","cuGestionCobranza:596738","cuGestionCobranza:947772"]
2026-02-04 14:10:01;DELETE;[]
2026-02-04 14:10:01;ADD;["cuGestionCobranza:K18340","cuGestionCobranza:M72097","cuGestionCobranza:M56783","cuGestionCobranza:E00902"]
2026-02-04 14:10:01;DELETE;[]
2026-02-04 14:10:01;ADD;["cuGestionCobranza:O55191","cuGestionCobranza:O76938","cuGestionCobranza:E60154","cuGestionCobranza:880829","cuGestionCobranza:286865","cuGestionCobranza:O49313","cuGestionCobranza:O25058","cuGestionCobranza:M87523","cuGestionCobranza:310424","cuGestionCobranza:K86967"]
2026-02-04 14:10:01;DELETE;[]
2026-02-04 14:10:01;ADD;["cuGestionCobranza:A28042","cuGestionCobranza:468570","cuGestionCobranza:E59318","cuGestionCobranza:F97846","cuGestionCobranza:N43327","cuGestionCobranza:L56668"]
2026-02-04 14:10:01;DELETE;[]
2026-02-04 14:10:01;ADD;["cuGestionCobranza:Q03191","cuGestionCobranza:O29236","cuGestionCobranza:P21069","cuGestionCobranza:407548","cuGestionCobranza:Q21662","cuGestionCobranza:M62050","cuGestionCobranza:887585","cuGestionCobranza:O36053"]
2026-02-04 14:10:01;DELETE;[]
2026-02-04 14:10:01;ADD;["cuGestionCobranza:406856","cuGestionCobranza:G73067","cuGestionCobranza:653137","cuGestionCobranza:P59732"]
2026-02-04 14:10:01;DELETE;[]
2026-02-04 14:10:01;ADD;["cuGestionCobranza:O10156","cuGestionCobranza:O80942","cuGestionCobranza:M97099","cuGestionCobranza:E17355","cuGestionCobranza:O87688"]
2026-02-04 14:10:01;DELETE;[]
2026-02-04 14:10:02;ADD;["cuGestionCobranza:457755","cuGestionCobranza:809222","cuGestionCobranza:827725","cuGestionCobranza:M78518","cuGestionCobranza:F41902"]
2026-02-04 14:10:02;DELETE;[]
2026-02-04 14:10:02;ADD;["cuGestionCobranza:K22145","cuGestionCobranza:J60969","cuGestionCobranza:K17143","cuGestionCobranza:P42782","cuGestionCobranza:K04493"]
2026-02-04 14:10:02;DELETE;[]
2026-02-04 14:10:02;ADD;["cuGestionCobranza:C17032","cuGestionCobranza:268050","cuGestionCobranza:831330"]
2026-02-04 14:10:02;DELETE;[]
2026-02-04 14:10:02;ADD;["cuGestionCobranza:E68963","cuGestionCobranza:M27360"]
2026-02-04 14:10:02;DELETE;[]
2026-02-04 14:10:27;ADD;["cuGestionCobranza:L96640"]
2026-02-04 14:10:27;DELETE;[]
2026-02-04 14:10:27;ADD;["cuGestionCobranza:G41841","cuGestionCobranza:Q41447"]
2026-02-04 14:10:27;DELETE;[]
2026-02-04 14:10:27;ADD;["cuGestionCobranza:O66152"]
2026-02-04 14:10:27;DELETE;[]
2026-02-04 14:11:57;ADD;["cuGestionCobranza:M87898"]
2026-02-04 14:11:57;DELETE;[]
2026-02-04 14:11:57;ADD;["cuGestionCobranza:F37093"]
2026-02-04 14:11:57;DELETE;[]
2026-02-04 14:11:57;ADD;["cuGestionCobranza:M01393"]
2026-02-04 14:11:57;DELETE;[]
2026-02-04 14:11:57;ADD;["cuGestionCobranza:567211"]
2026-02-04 14:11:57;DELETE;[]
2026-02-04 14:13:57;ADD;["cuGestionCobranza:C39838","cuGestionCobranza:C86242"]
2026-02-04 14:13:57;DELETE;[]
2026-02-04 14:13:57;ADD;["cuGestionCobranza:P07406"]
2026-02-04 14:13:57;DELETE;[]
2026-02-04 14:13:57;ADD;["cuGestionCobranza:C73107"]
2026-02-04 14:13:57;DELETE;[]
2026-02-04 14:13:57;ADD;["cuGestionCobranza:O47655"]
2026-02-04 14:13:57;DELETE;[]
2026-02-04 14:15:27;ADD;["cuGestionCobranza:O49489","cuGestionCobranza:F97069","cuGestionCobranza:845250","cuGestionCobranza:O22242","cuGestionCobranza:O45286"]
2026-02-04 14:15:27;DELETE;[]
2026-02-04 14:15:27;ADD;["cuGestionCobranza:K89968","cuGestionCobranza:N06066","cuGestionCobranza:O70767","cuGestionCobranza:Q23532","cuGestionCobranza:N46472"]
2026-02-04 14:15:27;DELETE;[]
2026-02-04 14:15:27;ADD;["cuGestionCobranza:N88262","cuGestionCobranza:K74126","cuGestionCobranza:O18202","cuGestionCobranza:A81500","cuGestionCobranza:E56503","cuGestionCobranza:363482"]
2026-02-04 14:15:27;DELETE;[]
2026-02-04 14:15:28;ADD;["cuGestionCobranza:L27914","cuGestionCobranza:O06087","cuGestionCobranza:L13846","cuGestionCobranza:948672","cuGestionCobranza:E43212"]
2026-02-04 14:15:28;DELETE;[]
2026-02-04 14:15:28;ADD;["cuGestionCobranza:622216","cuGestionCobranza:692191","cuGestionCobranza:780943","cuGestionCobranza:N21171","cuGestionCobranza:O29766","cuGestionCobranza:K16022"]
2026-02-04 14:15:28;DELETE;[]
2026-02-04 14:15:28;ADD;["cuGestionCobranza:276774","cuGestionCobranza:A90993","cuGestionCobranza:531857","cuGestionCobranza:O43873"]
2026-02-04 14:15:28;DELETE;[]
2026-02-04 14:15:28;ADD;["cuGestionCobranza:O47763","cuGestionCobranza:945991","cuGestionCobranza:O41543","cuGestionCobranza:C87098","cuGestionCobranza:409516"]
2026-02-04 14:15:28;DELETE;[]
2026-02-04 14:15:28;ADD;["cuGestionCobranza:O71976","cuGestionCobranza:C90890","cuGestionCobranza:985825","cuGestionCobranza:L12660","cuGestionCobranza:N41443","cuGestionCobranza:J81024","cuGestionCobranza:Q29304","cuGestionCobranza:O56764"]
2026-02-04 14:15:28;DELETE;[]
2026-02-04 14:15:28;ADD;["cuGestionCobranza:669517","cuGestionCobranza:P95019","cuGestionCobranza:M08150","cuGestionCobranza:P04123","cuGestionCobranza:O27092","cuGestionCobranza:P48569"]
2026-02-04 14:15:28;DELETE;[]
2026-02-04 14:15:28;ADD;["cuGestionCobranza:K55921","cuGestionCobranza:N09160","cuGestionCobranza:284111","cuGestionCobranza:K74218","cuGestionCobranza:A91720"]
2026-02-04 14:15:28;DELETE;[]
2026-02-04 14:15:29;ADD;["cuGestionCobranza:C19486","cuGestionCobranza:P30005","cuGestionCobranza:A72428","cuGestionCobranza:922524"]
2026-02-04 14:15:29;DELETE;[]
2026-02-04 14:15:29;ADD;["cuGestionCobranza:G45628","cuGestionCobranza:P01521","cuGestionCobranza:H76025","cuGestionCobranza:A49640"]
2026-02-04 14:15:29;DELETE;[]
2026-02-04 14:15:29;ADD;["cuGestionCobranza:F18548","cuGestionCobranza:O89819","cuGestionCobranza:P62143","cuGestionCobranza:A00519"]
2026-02-04 14:15:29;DELETE;[]
2026-02-04 14:15:29;ADD;["cuGestionCobranza:967588","cuGestionCobranza:L23980","cuGestionCobranza:A66998","cuGestionCobranza:P41024","cuGestionCobranza:K78403","cuGestionCobranza:O67545"]
2026-02-04 14:15:29;DELETE;[]
2026-02-04 14:15:29;ADD;["cuGestionCobranza:K61191","cuGestionCobranza:O75207","cuGestionCobranza:E22968","cuGestionCobranza:094929","cuGestionCobranza:C93657","cuGestionCobranza:N92833","cuGestionCobranza:N64005","cuGestionCobranza:E16781","cuGestionCobranza:801000"]
2026-02-04 14:15:29;DELETE;[]
2026-02-04 14:15:29;ADD;["cuGestionCobranza:625267","cuGestionCobranza:N91096","cuGestionCobranza:O26611","cuGestionCobranza:O80667","cuGestionCobranza:O35188","cuGestionCobranza:N93385"]
2026-02-04 14:15:29;DELETE;[]
2026-02-04 14:15:29;ADD;["cuGestionCobranza:I55702","cuGestionCobranza:P64705","cuGestionCobranza:O28936","cuGestionCobranza:N97008","cuGestionCobranza:K88300","cuGestionCobranza:M19561","cuGestionCobranza:Q45300"]
2026-02-04 14:15:29;DELETE;[]
2026-02-04 14:15:29;ADD;["cuGestionCobranza:G32167","cuGestionCobranza:F30486","cuGestionCobranza:414788","cuGestionCobranza:L24126"]
2026-02-04 14:15:29;DELETE;[]
2026-02-04 14:15:30;ADD;["cuGestionCobranza:O12452","cuGestionCobranza:O87163","cuGestionCobranza:F08211","cuGestionCobranza:C13420","cuGestionCobranza:M56217","cuGestionCobranza:Q21082","cuGestionCobranza:N77688"]
2026-02-04 14:15:30;DELETE;[]
2026-02-04 14:15:30;ADD;["cuGestionCobranza:443459","cuGestionCobranza:Q41490","cuGestionCobranza:K92730","cuGestionCobranza:M84031","cuGestionCobranza:939906","cuGestionCobranza:471257","cuGestionCobranza:N98156"]
2026-02-04 14:15:30;DELETE;[]
2026-02-04 14:15:30;ADD;["cuGestionCobranza:H49299","cuGestionCobranza:P18939","cuGestionCobranza:O57002","cuGestionCobranza:P77424","cuGestionCobranza:G09026","cuGestionCobranza:I36542"]
2026-02-04 14:15:30;DELETE;[]
2026-02-04 14:15:30;ADD;["cuGestionCobranza:K99617"]
2026-02-04 14:15:30;DELETE;[]
2026-02-04 14:15:57;ADD;["cuGestionCobranza:E79464"]
2026-02-04 14:15:57;DELETE;[]
2026-02-04 14:15:57;ADD;["cuGestionCobranza:J57064","cuGestionCobranza:M83458","cuGestionCobranza:N96078"]
2026-02-04 14:15:57;DELETE;[]
2026-02-04 14:15:57;ADD;["cuGestionCobranza:G17904","cuGestionCobranza:J36156"]
2026-02-04 14:15:57;DELETE;[]
2026-02-04 14:17:27;ADD;["cuGestionCobranza:F94008"]
2026-02-04 14:17:27;DELETE;[]
2026-02-04 14:17:27;ADD;["cuGestionCobranza:H40952"]
2026-02-04 14:17:27;DELETE;[]
2026-02-04 14:17:27;ADD;["cuGestionCobranza:F90233"]
2026-02-04 14:17:27;DELETE;[]
2026-02-04 14:17:27;ADD;["cuGestionCobranza:F77463","cuGestionCobranza:M82650"]
2026-02-04 14:17:27;DELETE;[]
2026-02-04 14:17:27;ADD;["cuGestionCobranza:K71600"]
2026-02-04 14:17:27;DELETE;[]
2026-02-04 14:17:27;ADD;["cuGestionCobranza:I85217"]
2026-02-04 14:17:27;DELETE;[]
2026-02-04 14:17:57;ADD;["cuGestionCobranza:Q84571"]
2026-02-04 14:17:57;DELETE;[]
2026-02-04 14:17:57;ADD;["cuGestionCobranza:G50617"]
2026-02-04 14:17:57;DELETE;[]
2026-02-04 14:19:27;ADD;["cuGestionCobranza:N56431"]
2026-02-04 14:19:27;DELETE;[]
2026-02-04 14:19:27;ADD;["cuGestionCobranza:Q24037"]
2026-02-04 14:19:27;DELETE;[]
2026-02-04 14:19:27;ADD;["cuGestionCobranza:044181"]
2026-02-04 14:19:27;DELETE;[]
2026-02-04 14:19:27;ADD;["cuGestionCobranza:404327"]
2026-02-04 14:19:27;DELETE;[]
2026-02-04 14:19:27;ADD;["cuGestionCobranza:F40605"]
2026-02-04 14:19:27;DELETE;[]
2026-02-04 14:19:27;ADD;["cuGestionCobranza:P20373","cuGestionCobranza:O76528"]
2026-02-04 14:19:27;DELETE;[]
2026-02-04 14:19:28;ADD;["cuGestionCobranza:O15436","cuGestionCobranza:J76843"]
2026-02-04 14:19:28;DELETE;[]
2026-02-04 14:19:57;ADD;["cuGestionCobranza:C01763"]
2026-02-04 14:19:57;DELETE;[]
2026-02-04 14:20:57;ADD;["cuGestionCobranza:P88947","cuGestionCobranza:E08849","cuGestionCobranza:H96755","cuGestionCobranza:O43479","cuGestionCobranza:A89444","cuGestionCobranza:M49624","cuGestionCobranza:F44033","cuGestionCobranza:H01407"]
2026-02-04 14:20:57;DELETE;[]
2026-02-04 14:20:57;ADD;["cuGestionCobranza:P27492","cuGestionCobranza:O12637","cuGestionCobranza:N73496","cuGestionCobranza:P50846","cuGestionCobranza:O31634","cuGestionCobranza:M16085","cuGestionCobranza:M22045","cuGestionCobranza:776739","cuGestionCobranza:E83861"]
2026-02-04 14:20:57;DELETE;[]
2026-02-04 14:20:58;ADD;["cuGestionCobranza:C33665","cuGestionCobranza:P67507","cuGestionCobranza:L63066","cuGestionCobranza:C30876","cuGestionCobranza:L87202","cuGestionCobranza:G29743","cuGestionCobranza:424460","cuGestionCobranza:J24794","cuGestionCobranza:039817","cuGestionCobranza:M93832"]
2026-02-04 14:20:58;DELETE;[]
2026-02-04 14:20:58;ADD;["cuGestionCobranza:N40279","cuGestionCobranza:J33244","cuGestionCobranza:P37464","cuGestionCobranza:O80685","cuGestionCobranza:633476","cuGestionCobranza:K30680","cuGestionCobranza:056660","cuGestionCobranza:P06677","cuGestionCobranza:I29797","cuGestionCobranza:M80486"]
2026-02-04 14:20:58;DELETE;[]
2026-02-04 14:20:58;ADD;["cuGestionCobranza:O26732","cuGestionCobranza:E73791","cuGestionCobranza:M28608","cuGestionCobranza:K60532","cuGestionCobranza:Q22930","cuGestionCobranza:Q36639","cuGestionCobranza:843182"]
2026-02-04 14:20:58;DELETE;[]
2026-02-04 14:20:58;ADD;["cuGestionCobranza:P84469","cuGestionCobranza:N84716","cuGestionCobranza:P11693","cuGestionCobranza:P51084","cuGestionCobranza:975989","cuGestionCobranza:E06726","cuGestionCobranza:O43094","cuGestionCobranza:M53462"]
2026-02-04 14:20:58;DELETE;[]
2026-02-04 14:20:59;ADD;["cuGestionCobranza:E71549","cuGestionCobranza:O22372","cuGestionCobranza:A96294","cuGestionCobranza:688391","cuGestionCobranza:K52850","cuGestionCobranza:P99262","cuGestionCobranza:M04609","cuGestionCobranza:N50332","cuGestionCobranza:N57013"]
2026-02-04 14:20:59;DELETE;[]
2026-02-04 14:20:59;ADD;["cuGestionCobranza:P42396","cuGestionCobranza:J20304","cuGestionCobranza:639711","cuGestionCobranza:L13765","cuGestionCobranza:H95901","cuGestionCobranza:P04831","cuGestionCobranza:C05542","cuGestionCobranza:I48396","cuGestionCobranza:O43727"]
2026-02-04 14:20:59;DELETE;[]
2026-02-04 14:20:59;ADD;["cuGestionCobranza:H94492","cuGestionCobranza:O89271","cuGestionCobranza:543419","cuGestionCobranza:I06168","cuGestionCobranza:952500","cuGestionCobranza:J66278","cuGestionCobranza:O84230","cuGestionCobranza:P24120","cuGestionCobranza:O86852","cuGestionCobranza:N70539"]
2026-02-04 14:20:59;DELETE;[]
2026-02-04 14:20:59;ADD;["cuGestionCobranza:L77199","cuGestionCobranza:M14393","cuGestionCobranza:N33731","cuGestionCobranza:N61067","cuGestionCobranza:E76154","cuGestionCobranza:025632","cuGestionCobranza:N42364","cuGestionCobranza:O36970","cuGestionCobranza:N12591","cuGestionCobranza:M58733"]
2026-02-04 14:20:59;DELETE;[]
2026-02-04 14:20:59;ADD;["cuGestionCobranza:Q14704","cuGestionCobranza:O02836","cuGestionCobranza:Q26270","cuGestionCobranza:F63938","cuGestionCobranza:O53366","cuGestionCobranza:H42200","cuGestionCobranza:I23729","cuGestionCobranza:G50229"]
2026-02-04 14:20:59;DELETE;[]
2026-02-04 14:21:00;ADD;["cuGestionCobranza:L63765","cuGestionCobranza:O48318","cuGestionCobranza:I56031","cuGestionCobranza:H80199","cuGestionCobranza:O89820","cuGestionCobranza:O84903","cuGestionCobranza:O78807","cuGestionCobranza:M83893","cuGestionCobranza:M51275"]
2026-02-04 14:21:00;DELETE;[]
2026-02-04 14:21:00;ADD;["cuGestionCobranza:L18751","cuGestionCobranza:K45236","cuGestionCobranza:P24520","cuGestionCobranza:P13579","cuGestionCobranza:L98670","cuGestionCobranza:O59860","cuGestionCobranza:O28499","cuGestionCobranza:P88589","cuGestionCobranza:I09851"]
2026-02-04 14:21:00;DELETE;[]
2026-02-04 14:21:00;ADD;["cuGestionCobranza:K20911","cuGestionCobranza:A39556","cuGestionCobranza:L24131","cuGestionCobranza:O72589","cuGestionCobranza:P02512","cuGestionCobranza:A49938","cuGestionCobranza:N12590","cuGestionCobranza:H80433","cuGestionCobranza:N23333","cuGestionCobranza:M92768"]
2026-02-04 14:21:00;DELETE;[]
2026-02-04 14:21:00;ADD;["cuGestionCobranza:H02093","cuGestionCobranza:M12448","cuGestionCobranza:O12328","cuGestionCobranza:580013","cuGestionCobranza:H29073","cuGestionCobranza:O63395","cuGestionCobranza:I47060","cuGestionCobranza:P55964"]
2026-02-04 14:21:00;DELETE;[]
2026-02-04 14:21:01;ADD;["cuGestionCobranza:P22319","cuGestionCobranza:O41404","cuGestionCobranza:P63169","cuGestionCobranza:M68337","cuGestionCobranza:M82142","cuGestionCobranza:J96217","cuGestionCobranza:P09032","cuGestionCobranza:Q26734","cuGestionCobranza:G06478"]
2026-02-04 14:21:01;DELETE;[]
2026-02-04 14:21:01;ADD;["cuGestionCobranza:L16050","cuGestionCobranza:P73138","cuGestionCobranza:F98952","cuGestionCobranza:O98825","cuGestionCobranza:Q25109","cuGestionCobranza:933083","cuGestionCobranza:A65829","cuGestionCobranza:M93402"]
2026-02-04 14:21:01;DELETE;[]
2026-02-04 14:21:01;ADD;["cuGestionCobranza:112812","cuGestionCobranza:O02193","cuGestionCobranza:K62684","cuGestionCobranza:N72646","cuGestionCobranza:020732","cuGestionCobranza:I40210","cuGestionCobranza:O38734","cuGestionCobranza:L38795"]
2026-02-04 14:21:01;DELETE;[]
2026-02-04 14:21:01;ADD;["cuGestionCobranza:M95682","cuGestionCobranza:I13741","cuGestionCobranza:A72595","cuGestionCobranza:O31718","cuGestionCobranza:Q12881","cuGestionCobranza:K98586","cuGestionCobranza:L13119","cuGestionCobranza:K19186","cuGestionCobranza:P74430"]
2026-02-04 14:21:01;DELETE;[]
2026-02-04 14:21:01;ADD;["cuGestionCobranza:O27202","cuGestionCobranza:N71108","cuGestionCobranza:M00523","cuGestionCobranza:L54453","cuGestionCobranza:P78442","cuGestionCobranza:I28563","cuGestionCobranza:O81893","cuGestionCobranza:O66660"]
2026-02-04 14:21:01;DELETE;[]
2026-02-04 14:21:01;ADD;["cuGestionCobranza:N79290","cuGestionCobranza:127619","cuGestionCobranza:928856","cuGestionCobranza:L03214","cuGestionCobranza:N12802","cuGestionCobranza:N66319","cuGestionCobranza:N63310","cuGestionCobranza:N96369"]
2026-02-04 14:21:01;DELETE;[]
2026-02-04 14:21:02;ADD;["cuGestionCobranza:L34576","cuGestionCobranza:K14869","cuGestionCobranza:O85634","cuGestionCobranza:968914","cuGestionCobranza:657397"]
2026-02-04 14:21:02;DELETE;[]
2026-02-04 14:21:27;ADD;["cuGestionCobranza:961926"]
2026-02-04 14:21:27;DELETE;[]
2026-02-04 14:21:27;ADD;["cuGestionCobranza:N02142","cuGestionCobranza:M42934"]
2026-02-04 14:21:27;DELETE;[]
2026-02-04 14:21:27;ADD;["cuGestionCobranza:L13640"]
2026-02-04 14:21:27;DELETE;[]
2026-02-04 14:21:27;ADD;["cuGestionCobranza:K18265","cuGestionCobranza:I68179"]
2026-02-04 14:21:27;DELETE;[]
2026-02-04 14:23:27;ADD;["cuGestionCobranza:G86533","cuGestionCobranza:O43146","cuGestionCobranza:Q09497"]
2026-02-04 14:23:27;DELETE;[]
2026-02-04 14:23:27;ADD;["cuGestionCobranza:J80390"]
2026-02-04 14:23:27;DELETE;[]
2026-02-04 14:25:27;ADD;["cuGestionCobranza:J75043","cuGestionCobranza:O66713"]
2026-02-04 14:25:27;DELETE;[]
2026-02-04 14:25:27;ADD;["cuGestionCobranza:054314","cuGestionCobranza:G81689"]
2026-02-04 14:25:27;DELETE;[]
2026-02-04 14:25:27;ADD;["cuGestionCobranza:P74570"]
2026-02-04 14:25:27;DELETE;[]
2026-02-04 14:26:27;ADD;["cuGestionCobranza:O15292","cuGestionCobranza:939745","cuGestionCobranza:P13869","cuGestionCobranza:N44796","cuGestionCobranza:M32016","cuGestionCobranza:K89418"]
2026-02-04 14:26:27;DELETE;[]
2026-02-04 14:26:27;ADD;["cuGestionCobranza:N12798","cuGestionCobranza:Q43372","cuGestionCobranza:O44759","cuGestionCobranza:G60514","cuGestionCobranza:H51748","cuGestionCobranza:Q18205","cuGestionCobranza:L20800","cuGestionCobranza:E39727"]
2026-02-04 14:26:27;DELETE;[]
2026-02-04 14:26:28;ADD;["cuGestionCobranza:L12238","cuGestionCobranza:L16576","cuGestionCobranza:L91108","cuGestionCobranza:A41779","cuGestionCobranza:J40316","cuGestionCobranza:N63690"]
2026-02-04 14:26:28;DELETE;[]
2026-02-04 14:26:28;ADD;["cuGestionCobranza:O49537","cuGestionCobranza:O51926","cuGestionCobranza:P59238","cuGestionCobranza:N98900","cuGestionCobranza:I52848","cuGestionCobranza:E31523","cuGestionCobranza:H54791","cuGestionCobranza:O84044"]
2026-02-04 14:26:28;DELETE;[]
2026-02-04 14:26:28;ADD;["cuGestionCobranza:P76822","cuGestionCobranza:N32742","cuGestionCobranza:Q32626","cuGestionCobranza:J08473","cuGestionCobranza:L12262","cuGestionCobranza:O50739","cuGestionCobranza:M73865","cuGestionCobranza:P14272","cuGestionCobranza:O79041"]
2026-02-04 14:26:28;DELETE;[]
2026-02-04 14:26:28;ADD;["cuGestionCobranza:K05850","cuGestionCobranza:N55065","cuGestionCobranza:A47867"]
2026-02-04 14:26:28;DELETE;[]
2026-02-04 14:26:28;ADD;["cuGestionCobranza:L87172","cuGestionCobranza:M18591","cuGestionCobranza:P72704","cuGestionCobranza:P95042","cuGestionCobranza:Q20558","cuGestionCobranza:N72156","cuGestionCobranza:C06224","cuGestionCobranza:O29898"]
2026-02-04 14:26:28;DELETE;[]
2026-02-04 14:26:28;ADD;["cuGestionCobranza:K60228","cuGestionCobranza:H89512","cuGestionCobranza:P22288"]
2026-02-04 14:26:28;DELETE;[]
2026-02-04 14:26:29;ADD;["cuGestionCobranza:A76478","cuGestionCobranza:Q25455","cuGestionCobranza:M60756","cuGestionCobranza:N00364","cuGestionCobranza:N87737","cuGestionCobranza:M66422","cuGestionCobranza:I44972"]
2026-02-04 14:26:29;DELETE;[]
2026-02-04 14:26:29;ADD;["cuGestionCobranza:P80533","cuGestionCobranza:G60117","cuGestionCobranza:C59908","cuGestionCobranza:J28922","cuGestionCobranza:H28149"]
2026-02-04 14:26:29;DELETE;[]
2026-02-04 14:26:29;ADD;["cuGestionCobranza:Q02344","cuGestionCobranza:G41998","cuGestionCobranza:O18934","cuGestionCobranza:H01207","cuGestionCobranza:N90157","cuGestionCobranza:A26207"]
2026-02-04 14:26:29;DELETE;[]
2026-02-04 14:26:29;ADD;["cuGestionCobranza:P67360","cuGestionCobranza:N26126","cuGestionCobranza:I88992","cuGestionCobranza:E90768","cuGestionCobranza:F93890","cuGestionCobranza:J79125","cuGestionCobranza:N86755","cuGestionCobranza:M94657"]
2026-02-04 14:26:29;DELETE;[]
2026-02-04 14:26:29;ADD;["cuGestionCobranza:G87587","cuGestionCobranza:N02986","cuGestionCobranza:925438","cuGestionCobranza:E57264","cuGestionCobranza:J98854","cuGestionCobranza:N85708","cuGestionCobranza:J19361"]
2026-02-04 14:26:29;DELETE;[]
2026-02-04 14:26:29;ADD;["cuGestionCobranza:O65025","cuGestionCobranza:H72636","cuGestionCobranza:F76547","cuGestionCobranza:H40460","cuGestionCobranza:C87782","cuGestionCobranza:N58905","cuGestionCobranza:O14853"]
2026-02-04 14:26:29;DELETE;[]
2026-02-04 14:26:30;ADD;["cuGestionCobranza:N42632","cuGestionCobranza:N41448","cuGestionCobranza:G39881","cuGestionCobranza:L11673","cuGestionCobranza:O17600","cuGestionCobranza:C61521","cuGestionCobranza:L30623"]
2026-02-04 14:26:30;DELETE;[]
2026-02-04 14:26:30;ADD;["cuGestionCobranza:M40839","cuGestionCobranza:O15852","cuGestionCobranza:N92468","cuGestionCobranza:Q01449","cuGestionCobranza:P38063","cuGestionCobranza:C14823","cuGestionCobranza:N96643"]
2026-02-04 14:26:30;DELETE;[]
2026-02-04 14:26:30;ADD;["cuGestionCobranza:M56101","cuGestionCobranza:M93079","cuGestionCobranza:110651","cuGestionCobranza:G58520","cuGestionCobranza:L11661","cuGestionCobranza:895051","cuGestionCobranza:E84520"]
2026-02-04 14:26:30;DELETE;[]
2026-02-04 14:26:30;ADD;["cuGestionCobranza:J58983","cuGestionCobranza:G53667","cuGestionCobranza:P09434"]
2026-02-04 14:26:30;DELETE;[]
2026-02-04 14:26:30;ADD;["cuGestionCobranza:K30001","cuGestionCobranza:J36360","cuGestionCobranza:G82390","cuGestionCobranza:J19977","cuGestionCobranza:L62662","cuGestionCobranza:N97259","cuGestionCobranza:K92735","cuGestionCobranza:J84776"]
2026-02-04 14:26:30;DELETE;[]
2026-02-04 14:26:30;ADD;["cuGestionCobranza:P31200","cuGestionCobranza:N14686","cuGestionCobranza:O34016","cuGestionCobranza:J47711"]
2026-02-04 14:26:30;DELETE;[]
2026-02-04 14:26:57;ADD;["cuGestionCobranza:J77566"]
2026-02-04 14:26:57;DELETE;[]
2026-02-04 14:27:27;ADD;["cuGestionCobranza:H59442"]
2026-02-04 14:27:27;DELETE;[]
2026-02-04 14:27:27;ADD;["cuGestionCobranza:O58461"]
2026-02-04 14:27:27;DELETE;[]
2026-02-04 14:27:27;ADD;["cuGestionCobranza:I95690"]
2026-02-04 14:27:27;DELETE;[]
2026-02-04 14:27:27;ADD;["cuGestionCobranza:908882"]
2026-02-04 14:27:27;DELETE;[]
2026-02-04 14:27:27;ADD;["cuGestionCobranza:M37626"]
2026-02-04 14:27:27;DELETE;[]
2026-02-04 14:28:57;ADD;["cuGestionCobranza:H54520"]
2026-02-04 14:28:57;DELETE;[]
2026-02-04 14:28:57;ADD;["cuGestionCobranza:N74382"]
2026-02-04 14:28:57;DELETE;[]
2026-02-04 14:28:57;ADD;["cuGestionCobranza:F98032"]
2026-02-04 14:28:57;DELETE;[]
2026-02-04 14:28:57;ADD;["cuGestionCobranza:N66003"]
2026-02-04 14:28:57;DELETE;[]
2026-02-04 14:29:27;ADD;["cuGestionCobranza:P49975"]
2026-02-04 14:29:27;DELETE;[]
2026-02-04 14:29:27;ADD;["cuGestionCobranza:G80031","cuGestionCobranza:G15416","cuGestionCobranza:J55883"]
2026-02-04 14:29:27;DELETE;[]
2026-02-04 14:29:27;ADD;["cuGestionCobranza:H61801","cuGestionCobranza:O75167"]
2026-02-04 14:29:27;DELETE;[]
2026-02-04 14:30:57;ADD;["cuGestionCobranza:M24933","cuGestionCobranza:Q88390"]
2026-02-04 14:30:57;DELETE;[]
2026-02-04 14:30:57;ADD;["cuGestionCobranza:Q06859"]
2026-02-04 14:30:57;DELETE;[]
2026-02-04 14:30:57;ADD;["cuGestionCobranza:P56273"]
2026-02-04 14:30:57;DELETE;[]
2026-02-04 14:31:27;ADD;["cuGestionCobranza:O72407","cuGestionCobranza:K52329"]
2026-02-04 14:31:27;DELETE;[]
2026-02-04 14:31:27;ADD;["cuGestionCobranza:J97719"]
2026-02-04 14:31:27;DELETE;[]
2026-02-04 14:31:27;ADD;["cuGestionCobranza:J42411"]
2026-02-04 14:31:27;DELETE;[]
2026-02-04 14:31:27;ADD;["cuGestionCobranza:P60518","cuGestionCobranza:J42411"]
2026-02-04 14:31:27;DELETE;[]
2026-02-04 14:31:57;ADD;["cuGestionCobranza:N22783","cuGestionCobranza:A64764","cuGestionCobranza:002635","cuGestionCobranza:E87499","cuGestionCobranza:J20561","cuGestionCobranza:007701","cuGestionCobranza:L11262","cuGestionCobranza:347428"]
2026-02-04 14:31:57;DELETE;[]
2026-02-04 14:31:58;ADD;["cuGestionCobranza:922634","cuGestionCobranza:J08194","cuGestionCobranza:O10883","cuGestionCobranza:K11111","cuGestionCobranza:J16761","cuGestionCobranza:L68601","cuGestionCobranza:969286","cuGestionCobranza:A07779"]
2026-02-04 14:31:58;DELETE;[]
2026-02-04 14:31:58;ADD;["cuGestionCobranza:J55156","cuGestionCobranza:K45586","cuGestionCobranza:H34908","cuGestionCobranza:P23878","cuGestionCobranza:078656","cuGestionCobranza:J39957","cuGestionCobranza:370219","cuGestionCobranza:492647","cuGestionCobranza:E66322","cuGestionCobranza:I73559"]
2026-02-04 14:31:58;DELETE;[]
2026-02-04 14:31:58;ADD;["cuGestionCobranza:O86496","cuGestionCobranza:O23331","cuGestionCobranza:483204","cuGestionCobranza:Q46369","cuGestionCobranza:M58230"]
2026-02-04 14:31:58;DELETE;[]
2026-02-04 14:31:58;ADD;["cuGestionCobranza:633333","cuGestionCobranza:P68219","cuGestionCobranza:Q40460","cuGestionCobranza:399994","cuGestionCobranza:182372","cuGestionCobranza:O00524","cuGestionCobranza:523828","cuGestionCobranza:L54468","cuGestionCobranza:439479"]
2026-02-04 14:31:58;DELETE;[]
2026-02-04 14:31:58;ADD;["cuGestionCobranza:P60318","cuGestionCobranza:433146","cuGestionCobranza:L67079","cuGestionCobranza:J14530","cuGestionCobranza:454765","cuGestionCobranza:L80078","cuGestionCobranza:041183","cuGestionCobranza:K73654"]
2026-02-04 14:31:58;DELETE;[]
2026-02-04 14:31:59;ADD;["cuGestionCobranza:Q41281","cuGestionCobranza:E69910","cuGestionCobranza:M08695","cuGestionCobranza:H45538","cuGestionCobranza:O08562","cuGestionCobranza:I57079","cuGestionCobranza:N42789","cuGestionCobranza:Q02452","cuGestionCobranza:538867"]
2026-02-04 14:31:59;DELETE;[]
2026-02-04 14:31:59;ADD;["cuGestionCobranza:K88350","cuGestionCobranza:L87988","cuGestionCobranza:021055","cuGestionCobranza:F22600","cuGestionCobranza:K48681","cuGestionCobranza:O62086","cuGestionCobranza:M56021","cuGestionCobranza:L85643","cuGestionCobranza:436456"]
2026-02-04 14:31:59;DELETE;[]
2026-02-04 14:31:59;ADD;["cuGestionCobranza:092554","cuGestionCobranza:N25372","cuGestionCobranza:P26440","cuGestionCobranza:P38314","cuGestionCobranza:M40845","cuGestionCobranza:K61667","cuGestionCobranza:J65135","cuGestionCobranza:O18042"]
2026-02-04 14:31:59;DELETE;[]
2026-02-04 14:31:59;ADD;["cuGestionCobranza:I14330","cuGestionCobranza:C39883","cuGestionCobranza:O75105","cuGestionCobranza:O21596","cuGestionCobranza:O59256","cuGestionCobranza:N71058","cuGestionCobranza:O85621","cuGestionCobranza:E96711"]
2026-02-04 14:31:59;DELETE;[]
2026-02-04 14:31:59;ADD;["cuGestionCobranza:825279","cuGestionCobranza:409995","cuGestionCobranza:P47696","cuGestionCobranza:P84168","cuGestionCobranza:K50395","cuGestionCobranza:P38534","cuGestionCobranza:400010"]
2026-02-04 14:31:59;DELETE;[]
2026-02-04 14:32:00;ADD;["cuGestionCobranza:238259","cuGestionCobranza:O64314","cuGestionCobranza:Q49114","cuGestionCobranza:P83622","cuGestionCobranza:J95487","cuGestionCobranza:N42367","cuGestionCobranza:896555","cuGestionCobranza:O94637"]
2026-02-04 14:32:00;DELETE;[]
2026-02-04 14:32:00;ADD;["cuGestionCobranza:C73865","cuGestionCobranza:M44424","cuGestionCobranza:O96530","cuGestionCobranza:N64320","cuGestionCobranza:O67777","cuGestionCobranza:O16480","cuGestionCobranza:Q17032","cuGestionCobranza:O00499","cuGestionCobranza:P36491"]
2026-02-04 14:32:00;DELETE;[]
2026-02-04 14:32:00;ADD;["cuGestionCobranza:N17668","cuGestionCobranza:M08906","cuGestionCobranza:892182","cuGestionCobranza:M46919","cuGestionCobranza:246311"]
2026-02-04 14:32:00;DELETE;[]
2026-02-04 14:32:00;ADD;["cuGestionCobranza:667378","cuGestionCobranza:K18816","cuGestionCobranza:O08760","cuGestionCobranza:400067","cuGestionCobranza:931722","cuGestionCobranza:N18361","cuGestionCobranza:263084","cuGestionCobranza:E61847"]
2026-02-04 14:32:00;DELETE;[]
2026-02-04 14:32:00;ADD;["cuGestionCobranza:N31439","cuGestionCobranza:N16466","cuGestionCobranza:097647","cuGestionCobranza:O73337","cuGestionCobranza:M43644","cuGestionCobranza:A28596","cuGestionCobranza:A65650","cuGestionCobranza:I18979","cuGestionCobranza:N55068"]
2026-02-04 14:32:00;DELETE;[]
2026-02-04 14:32:01;ADD;["cuGestionCobranza:811829","cuGestionCobranza:L97304","cuGestionCobranza:L77815","cuGestionCobranza:N45239","cuGestionCobranza:N64641","cuGestionCobranza:H23950","cuGestionCobranza:K29778"]
2026-02-04 14:32:01;DELETE;[]
2026-02-04 14:32:01;ADD;["cuGestionCobranza:M63955","cuGestionCobranza:M21495","cuGestionCobranza:233777","cuGestionCobranza:M18740","cuGestionCobranza:E86316","cuGestionCobranza:A09657","cuGestionCobranza:O75686","cuGestionCobranza:M13869","cuGestionCobranza:P02318","cuGestionCobranza:P95623"]
2026-02-04 14:32:01;DELETE;[]
2026-02-04 14:32:01;ADD;["cuGestionCobranza:424840","cuGestionCobranza:M62388","cuGestionCobranza:M33846","cuGestionCobranza:319103","cuGestionCobranza:009037","cuGestionCobranza:M12957","cuGestionCobranza:933050"]
2026-02-04 14:32:01;DELETE;[]
2026-02-04 14:32:01;ADD;["cuGestionCobranza:E81188","cuGestionCobranza:J93240","cuGestionCobranza:J62524","cuGestionCobranza:C77791","cuGestionCobranza:P86994","cuGestionCobranza:542296","cuGestionCobranza:Q37258","cuGestionCobranza:N36729","cuGestionCobranza:L54463"]
2026-02-04 14:32:01;DELETE;[]
2026-02-04 14:32:01;ADD;["cuGestionCobranza:451011","cuGestionCobranza:K85936","cuGestionCobranza:N88849","cuGestionCobranza:815043","cuGestionCobranza:P14429","cuGestionCobranza:211168","cuGestionCobranza:546641","cuGestionCobranza:O42557"]
2026-02-04 14:32:01;DELETE;[]
2026-02-04 14:32:02;ADD;["cuGestionCobranza:Q11283","cuGestionCobranza:F57027"]
2026-02-04 14:32:02;DELETE;[]
2026-02-04 14:32:02;ADD;["cuGestionCobranza:C91930","cuGestionCobranza:N75583","cuGestionCobranza:972299","cuGestionCobranza:Q48538","cuGestionCobranza:O90719","cuGestionCobranza:J67559"]
2026-02-04 14:32:02;DELETE;[]
2026-02-04 14:32:02;ADD;["cuGestionCobranza:877214","cuGestionCobranza:898337","cuGestionCobranza:Q29988"]
2026-02-04 14:32:02;DELETE;[]
2026-02-04 14:32:02;ADD;["cuGestionCobranza:O30698","cuGestionCobranza:J22261","cuGestionCobranza:M62885","cuGestionCobranza:L25697","cuGestionCobranza:O69651","cuGestionCobranza:318758"]
2026-02-04 14:32:02;DELETE;[]
2026-02-04 14:32:02;ADD;["cuGestionCobranza:623072","cuGestionCobranza:P62144","cuGestionCobranza:870239","cuGestionCobranza:956792","cuGestionCobranza:H12116"]
2026-02-04 14:32:02;DELETE;[]
2026-02-04 14:32:02;ADD;["cuGestionCobranza:J52462","cuGestionCobranza:N98832","cuGestionCobranza:044980","cuGestionCobranza:C10172"]
2026-02-04 14:32:02;DELETE;[]
2026-02-04 14:32:02;ADD;["cuGestionCobranza:M38201","cuGestionCobranza:259557","cuGestionCobranza:N66333","cuGestionCobranza:N43041","cuGestionCobranza:L40427"]
2026-02-04 14:32:02;DELETE;[]
2026-02-04 14:32:57;ADD;["cuGestionCobranza:K90710"]
2026-02-04 14:32:57;DELETE;[]
2026-02-04 14:32:57;ADD;["cuGestionCobranza:L75197","cuGestionCobranza:F75284"]
2026-02-04 14:32:57;DELETE;[]
2026-02-04 14:32:57;ADD;["cuGestionCobranza:N57450"]
2026-02-04 14:32:57;DELETE;[]
2026-02-04 14:32:57;ADD;["cuGestionCobranza:G02268"]
2026-02-04 14:32:57;DELETE;[]
2026-02-04 14:32:57;ADD;["cuGestionCobranza:H01857"]
2026-02-04 14:32:57;DELETE;[]
2026-02-04 14:32:58;ADD;["cuGestionCobranza:981113"]
2026-02-04 14:32:58;DELETE;[]
2026-02-04 14:34:57;ADD;["cuGestionCobranza:F58908"]
2026-02-04 14:34:57;DELETE;[]
2026-02-04 14:34:57;ADD;["cuGestionCobranza:I69981","cuGestionCobranza:N85579"]
2026-02-04 14:34:57;DELETE;[]
2026-02-04 14:34:57;ADD;["cuGestionCobranza:I80052","cuGestionCobranza:H27856"]
2026-02-04 14:34:57;DELETE;[]
2026-02-04 14:34:57;ADD;["cuGestionCobranza:Q14634"]
2026-02-04 14:34:57;DELETE;[]
2026-02-04 14:36:27;ADD;["cuGestionCobranza:H32066","cuGestionCobranza:887790"]
2026-02-04 14:36:27;DELETE;[]
2026-02-04 14:36:27;ADD;["cuGestionCobranza:K23510"]
2026-02-04 14:36:27;DELETE;[]
2026-02-04 14:36:27;ADD;["cuGestionCobranza:J84380"]
2026-02-04 14:36:27;DELETE;[]
2026-02-04 14:36:27;ADD;["cuGestionCobranza:883900"]
2026-02-04 14:36:27;DELETE;[]
2026-02-04 14:36:27;ADD;["cuGestionCobranza:C05812","cuGestionCobranza:N01439"]
2026-02-04 14:36:27;DELETE;[]
2026-02-04 14:36:28;ADD;["cuGestionCobranza:L40371"]
2026-02-04 14:36:28;DELETE;[]
2026-02-04 14:36:28;ADD;["cuGestionCobranza:Q60530"]
2026-02-04 14:36:28;DELETE;[]
2026-02-04 14:36:28;ADD;["cuGestionCobranza:837855","cuGestionCobranza:442602"]
2026-02-04 14:36:28;DELETE;[]
2026-02-04 14:36:28;ADD;["cuGestionCobranza:E92258"]
2026-02-04 14:36:28;DELETE;[]
2026-02-04 14:37:27;ADD;["cuGestionCobranza:608074","cuGestionCobranza:545134","cuGestionCobranza:F94705","cuGestionCobranza:N83911","cuGestionCobranza:I69948","cuGestionCobranza:J14845"]
2026-02-04 14:37:27;DELETE;[]
2026-02-04 14:37:28;ADD;["cuGestionCobranza:326427","cuGestionCobranza:G94445","cuGestionCobranza:249963","cuGestionCobranza:719184","cuGestionCobranza:337235","cuGestionCobranza:O62559"]
2026-02-04 14:37:28;DELETE;[]
2026-02-04 14:37:28;ADD;["cuGestionCobranza:P85469","cuGestionCobranza:N16853","cuGestionCobranza:L07351","cuGestionCobranza:E85643","cuGestionCobranza:K90444","cuGestionCobranza:O43499","cuGestionCobranza:G44083","cuGestionCobranza:F64692","cuGestionCobranza:N50365"]
2026-02-04 14:37:28;DELETE;[]
2026-02-04 14:37:28;ADD;["cuGestionCobranza:G78093","cuGestionCobranza:N70156","cuGestionCobranza:885983","cuGestionCobranza:G51778","cuGestionCobranza:Q16224","cuGestionCobranza:L03445"]
2026-02-04 14:37:28;DELETE;[]
2026-02-04 14:37:28;ADD;["cuGestionCobranza:M29508","cuGestionCobranza:P41233","cuGestionCobranza:C59909","cuGestionCobranza:F65351","cuGestionCobranza:183498","cuGestionCobranza:L88762","cuGestionCobranza:Q55943"]
2026-02-04 14:37:28;DELETE;[]
2026-02-04 14:37:28;ADD;["cuGestionCobranza:N25195","cuGestionCobranza:113862","cuGestionCobranza:579186","cuGestionCobranza:H75527","cuGestionCobranza:M19449","cuGestionCobranza:N80925","cuGestionCobranza:L86175","cuGestionCobranza:363156","cuGestionCobranza:A43848","cuGestionCobranza:C66856"]
2026-02-04 14:37:28;DELETE;[]
2026-02-04 14:37:29;ADD;["cuGestionCobranza:824560","cuGestionCobranza:H87845","cuGestionCobranza:044396","cuGestionCobranza:M01910","cuGestionCobranza:278175","cuGestionCobranza:J72708","cuGestionCobranza:P47918","cuGestionCobranza:934623"]
2026-02-04 14:37:29;DELETE;[]
2026-02-04 14:37:29;ADD;["cuGestionCobranza:738880","cuGestionCobranza:P05424","cuGestionCobranza:L15847","cuGestionCobranza:181429","cuGestionCobranza:N69928","cuGestionCobranza:946402"]
2026-02-04 14:37:29;DELETE;[]
2026-02-04 14:37:29;ADD;["cuGestionCobranza:744412","cuGestionCobranza:320007","cuGestionCobranza:461771","cuGestionCobranza:Q27407","cuGestionCobranza:509693","cuGestionCobranza:N81181"]
2026-02-04 14:37:29;DELETE;[]
2026-02-04 14:37:29;ADD;["cuGestionCobranza:C05572","cuGestionCobranza:I87857","cuGestionCobranza:L82622","cuGestionCobranza:911114","cuGestionCobranza:O61987","cuGestionCobranza:E40787","cuGestionCobranza:532509"]
2026-02-04 14:37:29;DELETE;[]
2026-02-04 14:37:29;ADD;["cuGestionCobranza:353694","cuGestionCobranza:146163","cuGestionCobranza:H58209","cuGestionCobranza:910952","cuGestionCobranza:I52008"]
2026-02-04 14:37:29;DELETE;[]
2026-02-04 14:37:29;ADD;["cuGestionCobranza:K15627","cuGestionCobranza:C36316","cuGestionCobranza:H72023"]
2026-02-04 14:37:29;DELETE;[]
2026-02-04 14:37:29;ADD;["cuGestionCobranza:P94802","cuGestionCobranza:K57972","cuGestionCobranza:L99586","cuGestionCobranza:P03914","cuGestionCobranza:A26053","cuGestionCobranza:C40076"]
2026-02-04 14:37:29;DELETE;[]
2026-02-04 14:37:30;ADD;["cuGestionCobranza:A80864","cuGestionCobranza:581981","cuGestionCobranza:M89651","cuGestionCobranza:462469","cuGestionCobranza:A04151","cuGestionCobranza:O69799","cuGestionCobranza:532576"]
2026-02-04 14:37:30;DELETE;[]
2026-02-04 14:37:30;ADD;["cuGestionCobranza:A98321","cuGestionCobranza:L71609"]
2026-02-04 14:37:30;DELETE;[]
2026-02-04 14:37:30;ADD;["cuGestionCobranza:N46025","cuGestionCobranza:536444","cuGestionCobranza:C26129","cuGestionCobranza:G64146","cuGestionCobranza:131047"]
2026-02-04 14:37:30;DELETE;[]
2026-02-04 14:37:30;ADD;["cuGestionCobranza:A27796","cuGestionCobranza:A09659","cuGestionCobranza:N48057","cuGestionCobranza:G65717","cuGestionCobranza:E81089"]
2026-02-04 14:37:30;DELETE;[]
2026-02-04 14:37:30;ADD;["cuGestionCobranza:977965","cuGestionCobranza:P95268","cuGestionCobranza:O33085","cuGestionCobranza:M60960","cuGestionCobranza:E84702"]
2026-02-04 14:37:30;DELETE;[]
2026-02-04 14:38:27;ADD;["cuGestionCobranza:P29484"]
2026-02-04 14:38:27;DELETE;[]
2026-02-04 14:38:27;ADD;["cuGestionCobranza:K12130"]
2026-02-04 14:38:27;DELETE;[]
2026-02-04 14:38:27;ADD;["cuGestionCobranza:P27628"]
2026-02-04 14:38:27;DELETE;[]
2026-02-04 14:38:27;ADD;["cuGestionCobranza:P73274"]
2026-02-04 14:38:27;DELETE;[]
2026-02-04 14:38:28;ADD;["cuGestionCobranza:M91469"]
2026-02-04 14:38:28;DELETE;[]
2026-02-04 14:38:28;ADD;["cuGestionCobranza:F58776","cuGestionCobranza:K03444"]
2026-02-04 14:38:28;DELETE;[]
2026-02-04 14:40:27;ADD;["cuGestionCobranza:P38550"]
2026-02-04 14:40:27;DELETE;[]
2026-02-04 14:40:27;ADD;["cuGestionCobranza:O84084","cuGestionCobranza:O49754"]
2026-02-04 14:40:27;DELETE;[]
2026-02-04 14:40:27;ADD;["cuGestionCobranza:P19284"]
2026-02-04 14:40:27;DELETE;[]
2026-02-04 14:40:27;ADD;["cuGestionCobranza:J43968"]
2026-02-04 14:40:27;DELETE;[]
2026-02-04 14:40:27;ADD;["cuGestionCobranza:H40049"]
2026-02-04 14:40:27;DELETE;[]
2026-02-04 14:40:28;ADD;["cuGestionCobranza:K18041"]
2026-02-04 14:40:28;DELETE;[]
2026-02-04 14:42:27;ADD;["cuGestionCobranza:K87129","cuGestionCobranza:C56279"]
2026-02-04 14:42:27;DELETE;[]
2026-02-04 14:42:27;ADD;["cuGestionCobranza:P87689"]
2026-02-04 14:42:27;DELETE;[]
2026-02-04 14:42:27;ADD;["cuGestionCobranza:E47512"]
2026-02-04 14:42:27;DELETE;[]
2026-02-04 14:42:28;ADD;["cuGestionCobranza:P55954"]
2026-02-04 14:42:28;DELETE;[]
2026-02-04 14:42:28;ADD;["cuGestionCobranza:I54624"]
2026-02-04 14:42:28;DELETE;[]
2026-02-04 14:42:28;ADD;["cuGestionCobranza:P66174"]
2026-02-04 14:42:28;DELETE;[]
2026-02-04 14:42:57;ADD;["cuGestionCobranza:I90783","cuGestionCobranza:G25204","cuGestionCobranza:Q38186","cuGestionCobranza:O32090","cuGestionCobranza:L21820","cuGestionCobranza:F35449","cuGestionCobranza:N94697"]
2026-02-04 14:42:57;DELETE;[]
2026-02-04 14:42:58;ADD;["cuGestionCobranza:E32088","cuGestionCobranza:A40010","cuGestionCobranza:M11887","cuGestionCobranza:O42081","cuGestionCobranza:F58874","cuGestionCobranza:F43172","cuGestionCobranza:E78384","cuGestionCobranza:K14895"]
2026-02-04 14:42:58;DELETE;[]
2026-02-04 14:42:58;ADD;["cuGestionCobranza:N26110","cuGestionCobranza:G75707","cuGestionCobranza:101573","cuGestionCobranza:598024","cuGestionCobranza:929197","cuGestionCobranza:H19087","cuGestionCobranza:O44036","cuGestionCobranza:H18016"]
2026-02-04 14:42:58;DELETE;[]
2026-02-04 14:42:58;ADD;["cuGestionCobranza:O24606","cuGestionCobranza:C42990","cuGestionCobranza:M52778"]
2026-02-04 14:42:58;DELETE;[]
2026-02-04 14:42:58;ADD;["cuGestionCobranza:543648","cuGestionCobranza:A55050","cuGestionCobranza:P10248","cuGestionCobranza:C39972"]
2026-02-04 14:42:58;DELETE;[]
2026-02-04 14:42:58;ADD;["cuGestionCobranza:976939","cuGestionCobranza:P02263","cuGestionCobranza:P29399","cuGestionCobranza:E53813"]
2026-02-04 14:42:58;DELETE;[]
2026-02-04 14:42:58;ADD;["cuGestionCobranza:O15942","cuGestionCobranza:424444","cuGestionCobranza:446374","cuGestionCobranza:H26676","cuGestionCobranza:040865","cuGestionCobranza:583720"]
2026-02-04 14:42:58;DELETE;[]
2026-02-04 14:42:58;ADD;["cuGestionCobranza:473971","cuGestionCobranza:N93395","cuGestionCobranza:E09646"]
2026-02-04 14:42:58;DELETE;[]
2026-02-04 14:42:59;ADD;["cuGestionCobranza:745496","cuGestionCobranza:C47571","cuGestionCobranza:C42639","cuGestionCobranza:K81085","cuGestionCobranza:K91183","cuGestionCobranza:P23207","cuGestionCobranza:O55765"]
2026-02-04 14:42:59;DELETE;[]
2026-02-04 14:42:59;ADD;["cuGestionCobranza:803204","cuGestionCobranza:934049","cuGestionCobranza:I82035","cuGestionCobranza:P91510","cuGestionCobranza:P00632","cuGestionCobranza:O73905"]
2026-02-04 14:42:59;DELETE;[]
2026-02-04 14:42:59;ADD;["cuGestionCobranza:071252","cuGestionCobranza:429767","cuGestionCobranza:E20389","cuGestionCobranza:L72727","cuGestionCobranza:E74365","cuGestionCobranza:643564","cuGestionCobranza:406865","cuGestionCobranza:M91130"]
2026-02-04 14:42:59;DELETE;[]
2026-02-04 14:42:59;ADD;["cuGestionCobranza:F14808","cuGestionCobranza:O38955","cuGestionCobranza:H55662","cuGestionCobranza:606081","cuGestionCobranza:885737","cuGestionCobranza:A91739","cuGestionCobranza:K42582"]
2026-02-04 14:42:59;DELETE;[]
2026-02-04 14:42:59;ADD;["cuGestionCobranza:O23157","cuGestionCobranza:Q61475","cuGestionCobranza:C83627","cuGestionCobranza:J24227","cuGestionCobranza:O67786","cuGestionCobranza:H04491","cuGestionCobranza:G72075"]
2026-02-04 14:42:59;DELETE;[]
2026-02-04 14:42:59;ADD;["cuGestionCobranza:A08202","cuGestionCobranza:E53856","cuGestionCobranza:O23969","cuGestionCobranza:F16930","cuGestionCobranza:404845"]
2026-02-04 14:42:59;DELETE;[]
2026-02-04 14:43:00;ADD;["cuGestionCobranza:P68236","cuGestionCobranza:K78650","cuGestionCobranza:G24483","cuGestionCobranza:N73925","cuGestionCobranza:818878","cuGestionCobranza:J52441","cuGestionCobranza:N92594","cuGestionCobranza:O96749"]
2026-02-04 14:43:00;DELETE;[]
2026-02-04 14:43:00;ADD;["cuGestionCobranza:940563","cuGestionCobranza:G60757","cuGestionCobranza:I06184","cuGestionCobranza:O47957","cuGestionCobranza:O95270","cuGestionCobranza:N07999","cuGestionCobranza:M29545","cuGestionCobranza:L59493"]
2026-02-04 14:43:00;DELETE;[]
2026-02-04 14:43:00;ADD;["cuGestionCobranza:A85853","cuGestionCobranza:L78292","cuGestionCobranza:873920","cuGestionCobranza:540595"]
2026-02-04 14:43:00;DELETE;[]
2026-02-04 14:43:00;ADD;["cuGestionCobranza:M16284","cuGestionCobranza:836485","cuGestionCobranza:J17638","cuGestionCobranza:Q11421","cuGestionCobranza:H66152","cuGestionCobranza:P84170"]
2026-02-04 14:43:00;DELETE;[]
2026-02-04 14:43:00;ADD;["cuGestionCobranza:C05576","cuGestionCobranza:951090","cuGestionCobranza:004690","cuGestionCobranza:M69780","cuGestionCobranza:O94150"]
2026-02-04 14:43:00;DELETE;[]
2026-02-04 14:43:00;ADD;["cuGestionCobranza:N77543","cuGestionCobranza:618280","cuGestionCobranza:M45148","cuGestionCobranza:O68048","cuGestionCobranza:F39830","cuGestionCobranza:L20149","cuGestionCobranza:G12958","cuGestionCobranza:O69055"]
2026-02-04 14:43:00;DELETE;[]
2026-02-04 14:43:01;ADD;["cuGestionCobranza:835093","cuGestionCobranza:I00552","cuGestionCobranza:O65062","cuGestionCobranza:P19871","cuGestionCobranza:541787","cuGestionCobranza:N63443"]
2026-02-04 14:43:01;DELETE;[]
2026-02-04 14:43:01;ADD;["cuGestionCobranza:M52051","cuGestionCobranza:F40571","cuGestionCobranza:O25705","cuGestionCobranza:G15955","cuGestionCobranza:L17394"]
2026-02-04 14:43:01;DELETE;[]
2026-02-04 14:43:01;ADD;["cuGestionCobranza:765188","cuGestionCobranza:P85264","cuGestionCobranza:O31953","cuGestionCobranza:F63569","cuGestionCobranza:612343","cuGestionCobranza:P82782","cuGestionCobranza:A32531"]
2026-02-04 14:43:01;DELETE;[]
2026-02-04 14:43:01;ADD;["cuGestionCobranza:577983","cuGestionCobranza:866785","cuGestionCobranza:O48592","cuGestionCobranza:C50569","cuGestionCobranza:972539"]
2026-02-04 14:43:01;DELETE;[]
2026-02-04 14:43:01;ADD;["cuGestionCobranza:O46822"]
2026-02-04 14:43:01;DELETE;[]
2026-02-04 14:44:27;ADD;["cuGestionCobranza:M98233","cuGestionCobranza:870581"]
2026-02-04 14:44:27;DELETE;[]
2026-02-04 14:44:27;ADD;["cuGestionCobranza:C57470","cuGestionCobranza:F10989"]
2026-02-04 14:44:27;DELETE;[]
2026-02-04 14:44:28;ADD;["cuGestionCobranza:N17817"]
2026-02-04 14:44:28;DELETE;[]
2026-02-04 14:44:28;ADD;["cuGestionCobranza:F69911"]
2026-02-04 14:44:28;DELETE;[]
2026-02-04 14:44:57;ADD;["cuGestionCobranza:I31952","cuGestionCobranza:P92425"]
2026-02-04 14:44:57;DELETE;[]
2026-02-04 14:44:57;ADD;["cuGestionCobranza:J11781"]
2026-02-04 14:44:57;DELETE;[]
2026-02-04 14:44:57;ADD;["cuGestionCobranza:F82675"]
2026-02-04 14:44:57;DELETE;[]
2026-02-04 14:46:27;ADD;["cuGestionCobranza:M38911"]
2026-02-04 14:46:27;DELETE;[]
2026-02-04 14:46:27;ADD;["cuGestionCobranza:A50159","cuGestionCobranza:K02043"]
2026-02-04 14:46:27;DELETE;[]
2026-02-04 14:46:27;ADD;["cuGestionCobranza:N37428"]
2026-02-04 14:46:27;DELETE;[]
2026-02-04 14:46:28;ADD;["cuGestionCobranza:H73179","cuGestionCobranza:P49772","cuGestionCobranza:P82967"]
2026-02-04 14:46:28;DELETE;[]
2026-02-04 14:46:28;ADD;["cuGestionCobranza:H88528","cuGestionCobranza:Q55756","cuGestionCobranza:K70331"]
2026-02-04 14:46:28;DELETE;[]
2026-02-04 14:48:27;ADD;["cuGestionCobranza:N90188","cuGestionCobranza:J83987","cuGestionCobranza:C82217","cuGestionCobranza:O04369","cuGestionCobranza:I92955","cuGestionCobranza:O86380","cuGestionCobranza:M44872","cuGestionCobranza:N95522"]
2026-02-04 14:48:27;DELETE;[]
2026-02-04 14:48:28;ADD;["cuGestionCobranza:O71977","cuGestionCobranza:A27713","cuGestionCobranza:L59494","cuGestionCobranza:H65094","cuGestionCobranza:O94441","cuGestionCobranza:N53265"]
2026-02-04 14:48:28;DELETE;[]
2026-02-04 14:48:28;ADD;["cuGestionCobranza:P06307","cuGestionCobranza:G87583","cuGestionCobranza:O58026","cuGestionCobranza:K13026","cuGestionCobranza:G97457","cuGestionCobranza:F07444"]
2026-02-04 14:48:28;DELETE;[]
2026-02-04 14:48:28;ADD;["cuGestionCobranza:P30870","cuGestionCobranza:K58148","cuGestionCobranza:G72112","cuGestionCobranza:E68608","cuGestionCobranza:J09776","cuGestionCobranza:K76063"]
2026-02-04 14:48:28;DELETE;[]
2026-02-04 14:48:28;ADD;["cuGestionCobranza:I91501","cuGestionCobranza:657154","cuGestionCobranza:693908","cuGestionCobranza:P50644","cuGestionCobranza:O22705","cuGestionCobranza:P67034","cuGestionCobranza:F01670","cuGestionCobranza:933638","cuGestionCobranza:E60586"]
2026-02-04 14:48:28;DELETE;[]
2026-02-04 14:48:28;ADD;["cuGestionCobranza:J01628","cuGestionCobranza:N37259","cuGestionCobranza:P78844","cuGestionCobranza:J96271","cuGestionCobranza:L04628","cuGestionCobranza:K45437","cuGestionCobranza:M13229","cuGestionCobranza:P02516"]
2026-02-04 14:48:28;DELETE;[]
2026-02-04 14:48:28;ADD;["cuGestionCobranza:Q27704","cuGestionCobranza:H04976","cuGestionCobranza:N49589","cuGestionCobranza:536454","cuGestionCobranza:K38439"]
2026-02-04 14:48:28;DELETE;[]
2026-02-04 14:48:29;ADD;["cuGestionCobranza:533653","cuGestionCobranza:E53822","cuGestionCobranza:P09047","cuGestionCobranza:C71201","cuGestionCobranza:E94563","cuGestionCobranza:N38340","cuGestionCobranza:846144","cuGestionCobranza:O77277","cuGestionCobranza:P03892","cuGestionCobranza:N76828"]
2026-02-04 14:48:29;DELETE;[]
2026-02-04 14:48:29;ADD;["cuGestionCobranza:O79286","cuGestionCobranza:G86173","cuGestionCobranza:369728","cuGestionCobranza:G46844","cuGestionCobranza:M56869","cuGestionCobranza:G83355","cuGestionCobranza:I15869","cuGestionCobranza:K70321"]
2026-02-04 14:48:29;DELETE;[]
2026-02-04 14:48:29;ADD;["cuGestionCobranza:816381","cuGestionCobranza:N55755","cuGestionCobranza:326263","cuGestionCobranza:N95985","cuGestionCobranza:L71438","cuGestionCobranza:946255","cuGestionCobranza:E87208"]
2026-02-04 14:48:29;DELETE;[]
2026-02-04 14:48:29;ADD;["cuGestionCobranza:A16825","cuGestionCobranza:923959"]
2026-02-04 14:48:29;DELETE;[]
2026-02-04 14:48:29;ADD;["cuGestionCobranza:L42070","cuGestionCobranza:G64816","cuGestionCobranza:A62041","cuGestionCobranza:E04077","cuGestionCobranza:P85764","cuGestionCobranza:P42201","cuGestionCobranza:E99784","cuGestionCobranza:A51619"]
2026-02-04 14:48:29;DELETE;[]
2026-02-04 14:48:29;ADD;["cuGestionCobranza:G05430","cuGestionCobranza:A43762","cuGestionCobranza:K06830","cuGestionCobranza:J20916","cuGestionCobranza:O49426","cuGestionCobranza:L45284","cuGestionCobranza:621440"]
2026-02-04 14:48:29;DELETE;[]
2026-02-04 14:48:30;ADD;["cuGestionCobranza:L82769","cuGestionCobranza:M59059","cuGestionCobranza:A53936","cuGestionCobranza:H74826","cuGestionCobranza:O84740","cuGestionCobranza:A88147","cuGestionCobranza:N02350","cuGestionCobranza:K81159"]
2026-02-04 14:48:30;DELETE;[]
2026-02-04 14:48:30;ADD;["cuGestionCobranza:N13661","cuGestionCobranza:G72232","cuGestionCobranza:C93683","cuGestionCobranza:M73219","cuGestionCobranza:F57029","cuGestionCobranza:A16055","cuGestionCobranza:559777"]
2026-02-04 14:48:30;DELETE;[]
2026-02-04 14:48:30;ADD;["cuGestionCobranza:N88861","cuGestionCobranza:E85634","cuGestionCobranza:L35289","cuGestionCobranza:853885","cuGestionCobranza:O64953","cuGestionCobranza:543692"]
2026-02-04 14:48:30;DELETE;[]
2026-02-04 14:48:30;ADD;["cuGestionCobranza:G99905","cuGestionCobranza:I34136","cuGestionCobranza:A47504","cuGestionCobranza:536447","cuGestionCobranza:G39486","cuGestionCobranza:734812"]
2026-02-04 14:48:30;DELETE;[]
2026-02-04 14:48:30;ADD;["cuGestionCobranza:M87092","cuGestionCobranza:588155","cuGestionCobranza:I54758","cuGestionCobranza:585314","cuGestionCobranza:O31688"]
2026-02-04 14:48:30;DELETE;[]
2026-02-04 14:48:30;ADD;["cuGestionCobranza:J29997","cuGestionCobranza:O45501","cuGestionCobranza:M96958","cuGestionCobranza:E09224","cuGestionCobranza:L16109","cuGestionCobranza:300667","cuGestionCobranza:M65441","cuGestionCobranza:O95915"]
2026-02-04 14:48:30;DELETE;[]
2026-02-04 14:48:31;ADD;["cuGestionCobranza:N34323","cuGestionCobranza:F32296","cuGestionCobranza:A75039","cuGestionCobranza:N82752","cuGestionCobranza:O95214","cuGestionCobranza:Q11341","cuGestionCobranza:F04179","cuGestionCobranza:N47167","cuGestionCobranza:O60866"]
2026-02-04 14:48:31;DELETE;[]
2026-02-04 14:48:31;ADD;["cuGestionCobranza:G53760","cuGestionCobranza:H16876","cuGestionCobranza:M94677","cuGestionCobranza:K15701","cuGestionCobranza:Q13759","cuGestionCobranza:A79923","cuGestionCobranza:E61852"]
2026-02-04 14:48:31;DELETE;[]
2026-02-04 14:48:31;ADD;["cuGestionCobranza:273774","cuGestionCobranza:L22354","cuGestionCobranza:E64167","cuGestionCobranza:O91464","cuGestionCobranza:O38615","cuGestionCobranza:583687"]
2026-02-04 14:48:31;DELETE;[]
2026-02-04 14:48:31;ADD;["cuGestionCobranza:J33259","cuGestionCobranza:411696","cuGestionCobranza:654227","cuGestionCobranza:H89513","cuGestionCobranza:I81285","cuGestionCobranza:A59414","cuGestionCobranza:Q06049"]
2026-02-04 14:48:31;DELETE;[]
2026-02-04 14:48:31;ADD;["cuGestionCobranza:033030","cuGestionCobranza:399670","cuGestionCobranza:Q52332","cuGestionCobranza:O19458","cuGestionCobranza:L03448","cuGestionCobranza:K44033","cuGestionCobranza:O31236"]
2026-02-04 14:48:31;DELETE;[]
2026-02-04 14:48:32;ADD;["cuGestionCobranza:371300","cuGestionCobranza:P59553","cuGestionCobranza:C06453","cuGestionCobranza:648693","cuGestionCobranza:N65962"]
2026-02-04 14:48:32;DELETE;[]
2026-02-04 14:48:32;ADD;["cuGestionCobranza:111041","cuGestionCobranza:O48143","cuGestionCobranza:M26487","cuGestionCobranza:I91428","cuGestionCobranza:M19637"]
2026-02-04 14:48:32;DELETE;[]
2026-02-04 14:48:32;ADD;["cuGestionCobranza:L94189","cuGestionCobranza:L87213","cuGestionCobranza:L77344","cuGestionCobranza:L25807","cuGestionCobranza:N38917","cuGestionCobranza:M11006"]
2026-02-04 14:48:32;DELETE;[]
2026-02-04 14:48:32;ADD;["cuGestionCobranza:K05845","cuGestionCobranza:L68905","cuGestionCobranza:E20374","cuGestionCobranza:O98567"]
2026-02-04 14:48:32;DELETE;[]
2026-02-04 14:48:32;ADD;["cuGestionCobranza:P16809","cuGestionCobranza:H53505","cuGestionCobranza:O69284","cuGestionCobranza:O75508","cuGestionCobranza:E80647","cuGestionCobranza:740941"]
2026-02-04 14:48:32;DELETE;[]
2026-02-04 14:48:32;ADD;["cuGestionCobranza:L21822","cuGestionCobranza:949236","cuGestionCobranza:N71445","cuGestionCobranza:E84538","cuGestionCobranza:759412","cuGestionCobranza:L76557","cuGestionCobranza:G29589","cuGestionCobranza:O05098"]
2026-02-04 14:48:32;DELETE;[]
2026-02-04 14:48:32;ADD;["cuGestionCobranza:H52643","cuGestionCobranza:O83091","cuGestionCobranza:M80691"]
2026-02-04 14:48:32;DELETE;[]
2026-02-04 14:48:33;ADD;["cuGestionCobranza:C90948","cuGestionCobranza:Q44084","cuGestionCobranza:E24606","cuGestionCobranza:L60255","cuGestionCobranza:M83424"]
2026-02-04 14:48:33;DELETE;[]
2026-02-04 14:48:33;ADD;["cuGestionCobranza:N66354","cuGestionCobranza:J93090","cuGestionCobranza:G01600","cuGestionCobranza:J23815","cuGestionCobranza:874735","cuGestionCobranza:597966","cuGestionCobranza:891496","cuGestionCobranza:M28626"]
2026-02-04 14:48:33;DELETE;[]
2026-02-04 14:48:33;ADD;["cuGestionCobranza:M68353","cuGestionCobranza:L09791","cuGestionCobranza:H41156","cuGestionCobranza:O83647","cuGestionCobranza:L37478","cuGestionCobranza:J19736"]
2026-02-04 14:48:33;DELETE;[]
2026-02-04 14:48:33;ADD;["cuGestionCobranza:220277","cuGestionCobranza:O43100","cuGestionCobranza:K51648","cuGestionCobranza:A77221","cuGestionCobranza:O45430","cuGestionCobranza:J93620"]
2026-02-04 14:48:33;DELETE;[]
2026-02-04 14:48:33;ADD;["cuGestionCobranza:M72980","cuGestionCobranza:Q43985","cuGestionCobranza:N13745","cuGestionCobranza:L52982","cuGestionCobranza:F96288","cuGestionCobranza:N06273"]
2026-02-04 14:48:33;DELETE;[]
2026-02-04 14:48:33;ADD;["cuGestionCobranza:N43414","cuGestionCobranza:P80680","cuGestionCobranza:P93279","cuGestionCobranza:M63819","cuGestionCobranza:L26208","cuGestionCobranza:O74276"]
2026-02-04 14:48:33;DELETE;[]
2026-02-04 14:48:34;ADD;["cuGestionCobranza:591824","cuGestionCobranza:O24002","cuGestionCobranza:G01779","cuGestionCobranza:P37336","cuGestionCobranza:O73641"]
2026-02-04 14:48:34;DELETE;[]
2026-02-04 14:49:57;ADD;["cuGestionCobranza:H11159"]
2026-02-04 14:49:57;DELETE;[]
2026-02-04 14:50:27;ADD;["cuGestionCobranza:P44263"]
2026-02-04 14:50:27;DELETE;[]
2026-02-04 14:50:27;ADD;["cuGestionCobranza:M83329"]
2026-02-04 14:50:27;DELETE;[]
2026-02-04 14:50:28;ADD;["cuGestionCobranza:Q31979"]
2026-02-04 14:50:28;DELETE;[]
2026-02-04 14:50:28;ADD;["cuGestionCobranza:N15655","cuGestionCobranza:G99076"]
2026-02-04 14:50:28;DELETE;[]
2026-02-04 14:52:27;ADD;["cuGestionCobranza:A09194"]
2026-02-04 14:52:27;DELETE;[]
2026-02-04 14:52:27;ADD;["cuGestionCobranza:O55341"]
2026-02-04 14:52:27;DELETE;[]
2026-02-04 14:52:27;ADD;["cuGestionCobranza:R09700","cuGestionCobranza:P32044"]
2026-02-04 14:52:27;DELETE;[]
2026-02-04 14:52:28;ADD;["cuGestionCobranza:F16883"]
2026-02-04 14:52:28;DELETE;[]
2026-02-04 14:52:28;ADD;["cuGestionCobranza:P08384"]
2026-02-04 14:52:28;DELETE;[]
2026-02-04 14:52:28;ADD;["cuGestionCobranza:Q61847","cuGestionCobranza:N19980"]
2026-02-04 14:52:28;DELETE;[]
2026-02-04 14:52:28;ADD;["cuGestionCobranza:I13121"]
2026-02-04 14:52:28;DELETE;[]
2026-02-04 14:52:28;ADD;["cuGestionCobranza:P91605"]
2026-02-04 14:52:28;DELETE;[]
2026-02-04 14:53:57;ADD;["cuGestionCobranza:M29490","cuGestionCobranza:G75960","cuGestionCobranza:Q04203","cuGestionCobranza:P30987","cuGestionCobranza:O78308","cuGestionCobranza:L17424","cuGestionCobranza:P69961"]
2026-02-04 14:53:57;DELETE;[]
2026-02-04 14:53:58;ADD;["cuGestionCobranza:Q41725","cuGestionCobranza:C08946","cuGestionCobranza:P62944","cuGestionCobranza:O61304","cuGestionCobranza:Q50134","cuGestionCobranza:L29712","cuGestionCobranza:E91166","cuGestionCobranza:Q01265"]
2026-02-04 14:53:58;DELETE;[]
2026-02-04 14:53:58;ADD;["cuGestionCobranza:Q14241","cuGestionCobranza:L74944","cuGestionCobranza:P85068","cuGestionCobranza:633427","cuGestionCobranza:O82209","cuGestionCobranza:L23618"]
2026-02-04 14:53:58;DELETE;[]
2026-02-04 14:53:58;ADD;["cuGestionCobranza:M26341","cuGestionCobranza:K32934","cuGestionCobranza:J65868","cuGestionCobranza:952843","cuGestionCobranza:O14668","cuGestionCobranza:P69221"]
2026-02-04 14:53:58;DELETE;[]
2026-02-04 14:53:58;ADD;["cuGestionCobranza:G76082","cuGestionCobranza:H00594","cuGestionCobranza:C75883","cuGestionCobranza:P17001","cuGestionCobranza:Q41675","cuGestionCobranza:C15041","cuGestionCobranza:145331"]
2026-02-04 14:53:58;DELETE;[]
2026-02-04 14:53:58;ADD;["cuGestionCobranza:I53376","cuGestionCobranza:A12056","cuGestionCobranza:O32623","cuGestionCobranza:024278","cuGestionCobranza:M55989"]
2026-02-04 14:53:58;DELETE;[]
2026-02-04 14:53:58;ADD;["cuGestionCobranza:O61414","cuGestionCobranza:A27514","cuGestionCobranza:F04528","cuGestionCobranza:P77143","cuGestionCobranza:047233","cuGestionCobranza:674726"]
2026-02-04 14:53:58;DELETE;[]
2026-02-04 14:53:59;ADD;["cuGestionCobranza:L23117","cuGestionCobranza:M70512","cuGestionCobranza:O36979","cuGestionCobranza:K80317","cuGestionCobranza:K92598"]
2026-02-04 14:53:59;DELETE;[]
2026-02-04 14:53:59;ADD;["cuGestionCobranza:Q26190","cuGestionCobranza:303509","cuGestionCobranza:O10688","cuGestionCobranza:F05674","cuGestionCobranza:I16198","cuGestionCobranza:P91198"]
2026-02-04 14:53:59;DELETE;[]
2026-02-04 14:53:59;ADD;["cuGestionCobranza:L31687","cuGestionCobranza:N88868","cuGestionCobranza:I67258","cuGestionCobranza:597231","cuGestionCobranza:L15489","cuGestionCobranza:F67769"]
2026-02-04 14:53:59;DELETE;[]
2026-02-04 14:53:59;ADD;["cuGestionCobranza:O74929","cuGestionCobranza:N19478","cuGestionCobranza:O75576","cuGestionCobranza:N41381","cuGestionCobranza:N22871","cuGestionCobranza:A89092","cuGestionCobranza:M66683"]
2026-02-04 14:53:59;DELETE;[]
2026-02-04 14:53:59;ADD;["cuGestionCobranza:L60258","cuGestionCobranza:Q29036","cuGestionCobranza:O48596","cuGestionCobranza:N32931","cuGestionCobranza:L16312","cuGestionCobranza:K40943","cuGestionCobranza:M87112"]
2026-02-04 14:53:59;DELETE;[]
2026-02-04 14:53:59;ADD;["cuGestionCobranza:K21158","cuGestionCobranza:J74672","cuGestionCobranza:E79066","cuGestionCobranza:M41594","cuGestionCobranza:O29000"]
2026-02-04 14:53:59;DELETE;[]
2026-02-04 14:54:00;ADD;["cuGestionCobranza:I45566","cuGestionCobranza:Q03908","cuGestionCobranza:O33661","cuGestionCobranza:P96885","cuGestionCobranza:L38336","cuGestionCobranza:Q02052","cuGestionCobranza:P72400"]
2026-02-04 14:54:00;DELETE;[]
2026-02-04 14:54:00;ADD;["cuGestionCobranza:Q23934","cuGestionCobranza:130160","cuGestionCobranza:C28739","cuGestionCobranza:J35454","cuGestionCobranza:G93972","cuGestionCobranza:P62809","cuGestionCobranza:H03867"]
2026-02-04 14:54:00;DELETE;[]
2026-02-04 14:54:00;ADD;["cuGestionCobranza:O79893","cuGestionCobranza:C60993","cuGestionCobranza:K74141","cuGestionCobranza:P85050","cuGestionCobranza:C59037"]
2026-02-04 14:54:00;DELETE;[]
2026-02-04 14:54:00;ADD;["cuGestionCobranza:J84465","cuGestionCobranza:K96371","cuGestionCobranza:N14704","cuGestionCobranza:L29631","cuGestionCobranza:L20992","cuGestionCobranza:N60600"]
2026-02-04 14:54:00;DELETE;[]
2026-02-04 14:54:00;ADD;["cuGestionCobranza:N95102","cuGestionCobranza:C24441","cuGestionCobranza:160004","cuGestionCobranza:P79319","cuGestionCobranza:M41287","cuGestionCobranza:J16769"]
2026-02-04 14:54:00;DELETE;[]
2026-02-04 14:54:00;ADD;["cuGestionCobranza:G79775","cuGestionCobranza:M50470","cuGestionCobranza:P75733","cuGestionCobranza:H74542","cuGestionCobranza:P19548","cuGestionCobranza:Q06070"]
2026-02-04 14:54:00;DELETE;[]
2026-02-04 14:54:01;ADD;["cuGestionCobranza:615764","cuGestionCobranza:P99632","cuGestionCobranza:J16409","cuGestionCobranza:P34676"]
2026-02-04 14:54:01;DELETE;[]
2026-02-04 14:54:01;ADD;["cuGestionCobranza:N73407","cuGestionCobranza:950551","cuGestionCobranza:K99285","cuGestionCobranza:N52199","cuGestionCobranza:P10315","cuGestionCobranza:A04301"]
2026-02-04 14:54:01;DELETE;[]
2026-02-04 14:54:01;ADD;["cuGestionCobranza:G81299","cuGestionCobranza:L78894","cuGestionCobranza:O07511","cuGestionCobranza:C63192","cuGestionCobranza:N44811"]
2026-02-04 14:54:01;DELETE;[]
2026-02-04 14:54:01;ADD;["cuGestionCobranza:G01790","cuGestionCobranza:950592","cuGestionCobranza:M37801","cuGestionCobranza:I76060","cuGestionCobranza:749087","cuGestionCobranza:L99444"]
2026-02-04 14:54:01;DELETE;[]
2026-02-04 14:54:01;ADD;["cuGestionCobranza:N38492","cuGestionCobranza:N30105","cuGestionCobranza:Q38859","cuGestionCobranza:O33341","cuGestionCobranza:L17018","cuGestionCobranza:O22341"]
2026-02-04 14:54:01;DELETE;[]
2026-02-04 14:54:01;ADD;["cuGestionCobranza:268582","cuGestionCobranza:C14500","cuGestionCobranza:L18340"]
2026-02-04 14:54:01;DELETE;[]
2026-02-04 14:54:27;ADD;["cuGestionCobranza:J54975"]
2026-02-04 14:54:27;DELETE;[]
2026-02-04 14:54:27;ADD;["cuGestionCobranza:K44817","cuGestionCobranza:K39124"]
2026-02-04 14:54:27;DELETE;[]
2026-02-04 14:54:27;ADD;["cuGestionCobranza:C53054"]
2026-02-04 14:54:27;DELETE;[]
2026-02-04 14:54:28;ADD;["cuGestionCobranza:N09393"]
2026-02-04 14:54:28;DELETE;[]
2026-02-04 14:54:28;ADD;["cuGestionCobranza:P22284"]
2026-02-04 14:54:28;DELETE;[]
2026-02-04 14:55:57;ADD;["cuGestionCobranza:Q06804"]
2026-02-04 14:55:57;DELETE;[]
2026-02-04 14:55:57;ADD;["cuGestionCobranza:P77596"]
2026-02-04 14:55:57;DELETE;[]
2026-02-04 14:55:58;ADD;["cuGestionCobranza:K56109","cuGestionCobranza:G34940","cuGestionCobranza:M20354"]
2026-02-04 14:55:58;DELETE;[]
2026-02-04 14:55:58;ADD;["cuGestionCobranza:498447","cuGestionCobranza:O88977"]
2026-02-04 14:55:58;DELETE;[]
2026-02-04 14:56:27;ADD;["cuGestionCobranza:I58822"]
2026-02-04 14:56:27;DELETE;[]
2026-02-04 14:56:28;ADD;["cuGestionCobranza:L10143"]
2026-02-04 14:56:28;DELETE;[]
2026-02-04 14:56:28;ADD;["cuGestionCobranza:P11283"]
2026-02-04 14:56:28;DELETE;[]
2026-02-04 14:56:28;ADD;["cuGestionCobranza:M58425"]
2026-02-04 14:56:28;DELETE;[]
2026-02-04 14:56:28;ADD;["cuGestionCobranza:G04500"]
2026-02-04 14:56:28;DELETE;[]
2026-02-04 14:56:28;ADD;["cuGestionCobranza:N89688"]
2026-02-04 14:56:28;DELETE;[]
2026-02-04 14:57:57;ADD;["cuGestionCobranza:L15700","cuGestionCobranza:H37304"]
2026-02-04 14:57:57;DELETE;[]
2026-02-04 14:57:58;ADD;["cuGestionCobranza:H17501"]
2026-02-04 14:57:58;DELETE;[]
2026-02-04 14:58:27;ADD;["cuGestionCobranza:754449"]
2026-02-04 14:58:27;DELETE;[]
2026-02-04 14:58:27;ADD;["cuGestionCobranza:P77211"]
2026-02-04 14:58:27;DELETE;[]
2026-02-04 14:58:28;ADD;["cuGestionCobranza:P72607"]
2026-02-04 14:58:28;DELETE;[]
2026-02-04 14:58:28;ADD;["cuGestionCobranza:F89520"]
2026-02-04 14:58:28;DELETE;[]
2026-02-04 14:58:28;ADD;["cuGestionCobranza:K59262"]
2026-02-04 14:58:28;DELETE;[]
2026-02-04 14:58:28;ADD;["cuGestionCobranza:N52232","cuGestionCobranza:P83833"]
2026-02-04 14:58:28;DELETE;[]
2026-02-04 14:58:28;ADD;["cuGestionCobranza:F39943"]
2026-02-04 14:58:28;DELETE;[]
2026-02-04 14:59:27;ADD;["cuGestionCobranza:M21514","cuGestionCobranza:922085","cuGestionCobranza:518254","cuGestionCobranza:M15057","cuGestionCobranza:860839"]
2026-02-04 14:59:27;DELETE;[]
2026-02-04 14:59:28;ADD;["cuGestionCobranza:N65970","cuGestionCobranza:I85481","cuGestionCobranza:Q50638","cuGestionCobranza:G63506","cuGestionCobranza:L72521"]
2026-02-04 14:59:28;DELETE;[]
2026-02-04 14:59:28;ADD;["cuGestionCobranza:L92918","cuGestionCobranza:708308","cuGestionCobranza:O45999","cuGestionCobranza:J49895","cuGestionCobranza:P46003","cuGestionCobranza:P76917","cuGestionCobranza:666140","cuGestionCobranza:117377","cuGestionCobranza:297491","cuGestionCobranza:J42921"]
2026-02-04 14:59:28;DELETE;[]
2026-02-04 14:59:28;ADD;["cuGestionCobranza:O48448","cuGestionCobranza:J37535","cuGestionCobranza:N50805","cuGestionCobranza:M85888","cuGestionCobranza:O62984","cuGestionCobranza:O47173","cuGestionCobranza:O92302","cuGestionCobranza:P27059"]
2026-02-04 14:59:28;DELETE;[]
2026-02-04 14:59:28;ADD;["cuGestionCobranza:N88298","cuGestionCobranza:P77558","cuGestionCobranza:895199","cuGestionCobranza:437930","cuGestionCobranza:P90772","cuGestionCobranza:K95274","cuGestionCobranza:M94689","cuGestionCobranza:409744"]
2026-02-04 14:59:28;DELETE;[]
2026-02-04 14:59:28;ADD;["cuGestionCobranza:131132","cuGestionCobranza:389218","cuGestionCobranza:O39012","cuGestionCobranza:Q26802","cuGestionCobranza:579155","cuGestionCobranza:A86466","cuGestionCobranza:Q69217"]
2026-02-04 14:59:28;DELETE;[]
2026-02-04 14:59:29;ADD;["cuGestionCobranza:247535","cuGestionCobranza:C55592","cuGestionCobranza:Q32300","cuGestionCobranza:L15529","cuGestionCobranza:452541","cuGestionCobranza:M95612","cuGestionCobranza:M08913","cuGestionCobranza:Q32467"]
2026-02-04 14:59:29;DELETE;[]
2026-02-04 14:59:29;ADD;["cuGestionCobranza:332563","cuGestionCobranza:N94512","cuGestionCobranza:O58028","cuGestionCobranza:O49226","cuGestionCobranza:N52453","cuGestionCobranza:O00515","cuGestionCobranza:N51113"]
2026-02-04 14:59:29;DELETE;[]
2026-02-04 14:59:29;ADD;["cuGestionCobranza:C31416","cuGestionCobranza:895842","cuGestionCobranza:N07091","cuGestionCobranza:N56141","cuGestionCobranza:L22082","cuGestionCobranza:P15768","cuGestionCobranza:J68906"]
2026-02-04 14:59:29;DELETE;[]
2026-02-04 14:59:29;ADD;["cuGestionCobranza:O44344","cuGestionCobranza:N13950","cuGestionCobranza:P16270","cuGestionCobranza:N75893","cuGestionCobranza:O65228","cuGestionCobranza:024726"]
2026-02-04 14:59:29;DELETE;[]
2026-02-04 14:59:29;ADD;["cuGestionCobranza:J91111","cuGestionCobranza:O27654","cuGestionCobranza:A18698","cuGestionCobranza:699344"]
2026-02-04 14:59:29;DELETE;[]
2026-02-04 14:59:29;ADD;["cuGestionCobranza:M02402","cuGestionCobranza:M10044","cuGestionCobranza:L72438","cuGestionCobranza:C83615","cuGestionCobranza:N76742","cuGestionCobranza:L83304","cuGestionCobranza:882904"]
2026-02-04 14:59:29;DELETE;[]
2026-02-04 14:59:30;ADD;["cuGestionCobranza:652748","cuGestionCobranza:H89454","cuGestionCobranza:N39111","cuGestionCobranza:M90439","cuGestionCobranza:O31400","cuGestionCobranza:P77353","cuGestionCobranza:O50703"]
2026-02-04 14:59:30;DELETE;[]
2026-02-04 14:59:30;ADD;["cuGestionCobranza:G63644","cuGestionCobranza:880661","cuGestionCobranza:N89908","cuGestionCobranza:L11757","cuGestionCobranza:J53547","cuGestionCobranza:K42027"]
2026-02-04 14:59:30;DELETE;[]
2026-02-04 14:59:30;ADD;["cuGestionCobranza:O04619","cuGestionCobranza:N09534","cuGestionCobranza:570817","cuGestionCobranza:937108","cuGestionCobranza:N52060","cuGestionCobranza:M20705","cuGestionCobranza:P29798","cuGestionCobranza:M85697","cuGestionCobranza:M70500"]
2026-02-04 14:59:30;DELETE;[]
2026-02-04 14:59:30;ADD;["cuGestionCobranza:E08428","cuGestionCobranza:P69955","cuGestionCobranza:O17461","cuGestionCobranza:N43998","cuGestionCobranza:Q47289","cuGestionCobranza:O32552","cuGestionCobranza:260576","cuGestionCobranza:P11976","cuGestionCobranza:H03467"]
2026-02-04 14:59:30;DELETE;[]
2026-02-04 14:59:30;ADD;["cuGestionCobranza:N06686","cuGestionCobranza:389760","cuGestionCobranza:E88738","cuGestionCobranza:G79529","cuGestionCobranza:N15425","cuGestionCobranza:C80416","cuGestionCobranza:753441"]
2026-02-04 14:59:30;DELETE;[]
2026-02-04 14:59:31;ADD;["cuGestionCobranza:P00400","cuGestionCobranza:P04563","cuGestionCobranza:N65976","cuGestionCobranza:H10161","cuGestionCobranza:P04762","cuGestionCobranza:F09300","cuGestionCobranza:E03912","cuGestionCobranza:C08177"]
2026-02-04 14:59:31;DELETE;[]
2026-02-04 14:59:31;ADD;["cuGestionCobranza:J49034","cuGestionCobranza:O04208","cuGestionCobranza:O44220","cuGestionCobranza:M93185","cuGestionCobranza:M94688","cuGestionCobranza:M55400","cuGestionCobranza:H70791","cuGestionCobranza:O76964","cuGestionCobranza:O34393"]
2026-02-04 14:59:31;DELETE;[]
2026-02-04 14:59:31;ADD;["cuGestionCobranza:M55399","cuGestionCobranza:N74848","cuGestionCobranza:C89752","cuGestionCobranza:652280","cuGestionCobranza:O88519","cuGestionCobranza:J30076","cuGestionCobranza:K14766","cuGestionCobranza:A76066"]
2026-02-04 14:59:31;DELETE;[]
2026-02-04 14:59:31;ADD;["cuGestionCobranza:C66677","cuGestionCobranza:P45474","cuGestionCobranza:O98295","cuGestionCobranza:C25600","cuGestionCobranza:644772","cuGestionCobranza:P31961","cuGestionCobranza:114530","cuGestionCobranza:N66371","cuGestionCobranza:M33199"]
2026-02-04 14:59:31;DELETE;[]
2026-02-04 14:59:31;ADD;["cuGestionCobranza:J54094","cuGestionCobranza:N03525","cuGestionCobranza:P83880","cuGestionCobranza:P89046","cuGestionCobranza:N11526","cuGestionCobranza:472215","cuGestionCobranza:H63364","cuGestionCobranza:Q38266"]
2026-02-04 14:59:31;DELETE;[]
2026-02-04 14:59:32;ADD;["cuGestionCobranza:O04618","cuGestionCobranza:M41595","cuGestionCobranza:N36409","cuGestionCobranza:J43566","cuGestionCobranza:636380","cuGestionCobranza:472284"]
2026-02-04 14:59:32;DELETE;[]
2026-02-04 14:59:32;ADD;["cuGestionCobranza:O32936","cuGestionCobranza:M97115","cuGestionCobranza:K14760","cuGestionCobranza:I43584","cuGestionCobranza:987142"]
2026-02-04 14:59:32;DELETE;[]
2026-02-04 14:59:32;ADD;["cuGestionCobranza:J61500","cuGestionCobranza:925016","cuGestionCobranza:M40549","cuGestionCobranza:559845","cuGestionCobranza:O52645","cuGestionCobranza:C14617","cuGestionCobranza:N99366","cuGestionCobranza:433803"]
2026-02-04 14:59:32;DELETE;[]
2026-02-04 14:59:32;ADD;["cuGestionCobranza:497391","cuGestionCobranza:Q00067","cuGestionCobranza:E17032","cuGestionCobranza:956456","cuGestionCobranza:M68906","cuGestionCobranza:N40728","cuGestionCobranza:N67180"]
2026-02-04 14:59:32;DELETE;[]
2026-02-04 14:59:32;ADD;["cuGestionCobranza:F77832","cuGestionCobranza:O61260","cuGestionCobranza:K95279","cuGestionCobranza:O96357","cuGestionCobranza:M83102","cuGestionCobranza:I42951"]
2026-02-04 14:59:32;DELETE;[]
2026-02-04 14:59:57;ADD;["cuGestionCobranza:E49224"]
2026-02-04 14:59:57;DELETE;[]
2026-02-04 15:00:28;ADD;["cuGestionCobranza:N56042","cuGestionCobranza:Q56183"]
2026-02-04 15:00:28;DELETE;[]
2026-02-04 15:00:28;ADD;["cuGestionCobranza:I72512"]
2026-02-04 15:00:28;DELETE;[]
2026-02-04 15:00:28;ADD;["cuGestionCobranza:F74125"]
2026-02-04 15:00:28;DELETE;[]
2026-02-04 15:00:28;ADD;["cuGestionCobranza:G26181"]
2026-02-04 15:00:28;DELETE;[]
2026-02-04 15:00:28;ADD;["cuGestionCobranza:837855","cuGestionCobranza:J79769"]
2026-02-04 15:00:28;DELETE;[]
2026-02-04 15:02:27;ADD;["cuGestionCobranza:G54097"]
2026-02-04 15:02:27;DELETE;[]
2026-02-04 15:02:27;ADD;["cuGestionCobranza:G78136"]
2026-02-04 15:02:27;DELETE;[]
2026-02-04 15:02:28;ADD;["cuGestionCobranza:947789","cuGestionCobranza:L58338"]
2026-02-04 15:02:28;DELETE;[]
2026-02-04 15:02:28;ADD;["cuGestionCobranza:C99011"]
2026-02-04 15:02:28;DELETE;[]
2026-02-04 15:02:28;ADD;["cuGestionCobranza:K01336"]
2026-02-04 15:02:28;DELETE;[]
2026-02-04 15:04:27;ADD;["cuGestionCobranza:L90004","cuGestionCobranza:G40344"]
2026-02-04 15:04:27;DELETE;[]
2026-02-04 15:04:28;ADD;["cuGestionCobranza:G63151","cuGestionCobranza:C39906","cuGestionCobranza:N22945"]
2026-02-04 15:04:28;DELETE;[]
2026-02-04 15:04:28;ADD;["cuGestionCobranza:J44639","cuGestionCobranza:A99154"]
2026-02-04 15:04:28;DELETE;[]
2026-02-04 15:04:28;ADD;["cuGestionCobranza:E06525"]
2026-02-04 15:04:28;DELETE;[]
2026-02-04 15:04:28;ADD;["cuGestionCobranza:018043"]
2026-02-04 15:04:28;DELETE;[]
2026-02-04 15:04:28;ADD;["cuGestionCobranza:G74505","cuGestionCobranza:F27409"]
2026-02-04 15:04:28;DELETE;[]
2026-02-04 15:04:28;ADD;["cuGestionCobranza:Q00925"]
2026-02-04 15:04:28;DELETE;[]
2026-02-04 15:04:58;ADD;["cuGestionCobranza:639219","cuGestionCobranza:J22706","cuGestionCobranza:A64793","cuGestionCobranza:J24817","cuGestionCobranza:A62530","cuGestionCobranza:K61519","cuGestionCobranza:H49704","cuGestionCobranza:M95689","cuGestionCobranza:N76901"]
2026-02-04 15:04:58;DELETE;[]
2026-02-04 15:04:58;ADD;["cuGestionCobranza:K30925","cuGestionCobranza:O67328","cuGestionCobranza:M08025","cuGestionCobranza:H42545","cuGestionCobranza:967180","cuGestionCobranza:K92292"]
2026-02-04 15:04:58;DELETE;[]
2026-02-04 15:04:58;ADD;["cuGestionCobranza:H59818","cuGestionCobranza:L90171","cuGestionCobranza:O75693","cuGestionCobranza:O15474","cuGestionCobranza:L19306","cuGestionCobranza:M45957","cuGestionCobranza:L18362","cuGestionCobranza:E17383","cuGestionCobranza:389464"]
2026-02-04 15:04:58;DELETE;[]
2026-02-04 15:04:58;ADD;["cuGestionCobranza:J02192","cuGestionCobranza:N62296","cuGestionCobranza:N11620","cuGestionCobranza:548287","cuGestionCobranza:C28976","cuGestionCobranza:M03218","cuGestionCobranza:633020","cuGestionCobranza:130949"]
2026-02-04 15:04:58;DELETE;[]
2026-02-04 15:04:58;ADD;["cuGestionCobranza:E50575","cuGestionCobranza:O43534","cuGestionCobranza:P87173","cuGestionCobranza:N95292","cuGestionCobranza:P35201","cuGestionCobranza:C69423","cuGestionCobranza:P04129","cuGestionCobranza:715781"]
2026-02-04 15:04:58;DELETE;[]
2026-02-04 15:04:58;ADD;["cuGestionCobranza:G61393","cuGestionCobranza:M47256","cuGestionCobranza:I35752","cuGestionCobranza:N60856","cuGestionCobranza:962072","cuGestionCobranza:A23638"]
2026-02-04 15:04:58;DELETE;[]
2026-02-04 15:04:59;ADD;["cuGestionCobranza:F57201","cuGestionCobranza:E13398","cuGestionCobranza:Q48078","cuGestionCobranza:033519","cuGestionCobranza:605021"]
2026-02-04 15:04:59;DELETE;[]
2026-02-04 15:04:59;ADD;["cuGestionCobranza:309269","cuGestionCobranza:O70047","cuGestionCobranza:J71586","cuGestionCobranza:523165","cuGestionCobranza:N59412","cuGestionCobranza:O73843"]
2026-02-04 15:04:59;DELETE;[]
2026-02-04 15:04:59;ADD;["cuGestionCobranza:K98932","cuGestionCobranza:O15845","cuGestionCobranza:C09675","cuGestionCobranza:E44083","cuGestionCobranza:P33097","cuGestionCobranza:723533"]
2026-02-04 15:04:59;DELETE;[]
2026-02-04 15:04:59;ADD;["cuGestionCobranza:O88996","cuGestionCobranza:F05678","cuGestionCobranza:N85554","cuGestionCobranza:798873","cuGestionCobranza:310763"]
2026-02-04 15:04:59;DELETE;[]
2026-02-04 15:04:59;ADD;["cuGestionCobranza:291803","cuGestionCobranza:M81479","cuGestionCobranza:L15131","cuGestionCobranza:574631","cuGestionCobranza:O20150","cuGestionCobranza:N55926","cuGestionCobranza:I29666","cuGestionCobranza:N50142","cuGestionCobranza:L51345"]
2026-02-04 15:04:59;DELETE;[]
2026-02-04 15:04:59;ADD;["cuGestionCobranza:M59137","cuGestionCobranza:E41851","cuGestionCobranza:N20795","cuGestionCobranza:J52915","cuGestionCobranza:E43052","cuGestionCobranza:G74386","cuGestionCobranza:M91612"]
2026-02-04 15:04:59;DELETE;[]
2026-02-04 15:05:00;ADD;["cuGestionCobranza:C58311","cuGestionCobranza:N73674","cuGestionCobranza:446540","cuGestionCobranza:N27702","cuGestionCobranza:O47271","cuGestionCobranza:N05096","cuGestionCobranza:641680","cuGestionCobranza:N71902","cuGestionCobranza:C96897","cuGestionCobranza:L12848"]
2026-02-04 15:05:00;DELETE;[]
2026-02-04 15:05:00;ADD;["cuGestionCobranza:A06026","cuGestionCobranza:865185","cuGestionCobranza:L04632","cuGestionCobranza:360678","cuGestionCobranza:A67566"]
2026-02-04 15:05:00;DELETE;[]
2026-02-04 15:05:00;ADD;["cuGestionCobranza:P11968","cuGestionCobranza:C82003","cuGestionCobranza:331756","cuGestionCobranza:O83615","cuGestionCobranza:773929","cuGestionCobranza:P64592","cuGestionCobranza:O96250","cuGestionCobranza:427388","cuGestionCobranza:768589"]
2026-02-04 15:05:00;DELETE;[]
